_PK,_ENT,_OPT,ALARMENABLED,ALARMTYPERAW,ANALYSISALGORITHMRAW,AUDIORECORDINGENABLED,AUTOMATICSESSION,GROSSMOTIONSINSESSION,ISEDITED,ISNAP,NAPTYPERAW,NUMBEROFAWAKENINGS,NUMBEROFSNOOZES,PHYSICALACTIVITYORIGIN,PRODUCEDBYAPPLEWATCH,SLEEPAIDENABLED,SLEEPTRACKINGMETHODRAW,SYNCEDTORUNKEEPER,USEDAPPLEWATCH,WAKEUPMOOD,DURATION,ENDTIME,FATIGUE,SLEEPQUALITY,SMARTWAKEUPDURATION,STARTTIME,TIMEAWAKE,TIMEAWAKEUNTILSTOPPING,TIMEINDEEPSLEEP,TIMEINLIGHTSLEEP,TIMEINREMSLEEP,TIMETOSLEEP,SOURCEID,UNIQUEIDENTIFIER,ENDTIMEBEFOREEDIT,STARTTIMEBEFOREEDIT
1.0,6.0,30.0,1.0,0.0,0.0,1.0,0.0,0.0,0.0,1.0,-1.0,0.0,0.0,0.0,0.0,0.0,5.0,0.0,0.0,3.0,0.0,2024-10-24 10:37:42.663042,0.0,0.519999980926514,1800.0,2024-10-24 03:45:01.670724,900.0,-0.00226199626922607,19800.0,3600.0,480.0,900.000307917595,3.0,7.0,,
4.0,6.0,1.0,0.0,0.0,0.0,0.0,1.0,2.0,0.0,1.0,-1.0,1.0,0.0,0.0,0.0,0.0,1.0,0.0,1.0,0.0,0.0,2024-10-24 14:44:32.084647,0.0,0.800000011920929,0.0,2024-10-24 11:56:24.709647,960.0,0.0,1680.0,5640.0,1860.0,0.0,3.0,154.0,,
5.0,6.0,32.0,1.0,0.0,0.0,1.0,0.0,6.0,0.0,0.0,-1.0,1.0,0.0,0.0,1.0,0.0,5.0,0.0,1.0,4.0,0.0,2024-10-25 11:12:08.189416,0.0,0.800000011920929,1800.0,2024-10-25 03:42:47.078242,2940.0,0.0,4680.0,11700.0,7680.0,2836.11024999619,3.0,,,
6.0,6.0,1.0,0.0,0.0,0.0,0.0,1.0,0.0,0.0,0.0,-1.0,0.0,0.0,0.0,1.0,0.0,1.0,0.0,1.0,0.0,0.0,2024-10-25 11:12:08.189416,0.0,0.910000026226044,0.0,2024-10-25 04:31:54.188492,0.0,0.0,5700.0,11400.0,6900.0,0.0,3.0,33.0,,
7.0,6.0,32.0,1.0,0.0,0.0,1.0,0.0,16.0,0.0,0.0,-1.0,2.0,0.0,0.0,1.0,0.0,5.0,0.0,1.0,3.0,0.0,2024-10-26 12:47:43.987943,0.0,0.860000014305115,1800.0,2024-10-26 04:25:19.875890,4200.0,0.0,5580.0,10020.0,10320.0,2263.74096012115,3.0,,,
8.0,6.0,30.0,1.0,0.0,0.0,1.0,0.0,0.0,0.0,1.0,-1.0,4.0,0.0,0.0,0.0,0.0,5.0,0.0,0.0,3.0,0.0,2024-10-27 11:43:45.613095,0.0,0.439999997615814,1800.0,2024-10-27 04:38:55.612339,20700.0,-0.00275993347167969,0.0,4800.0,0.0,7200.00023198128,3.0,,,
9.0,6.0,19.0,1.0,0.0,0.0,1.0,0.0,6.0,0.0,0.0,-1.0,3.0,0.0,0.0,1.0,0.0,5.0,0.0,1.0,1.0,0.0,2024-10-28 14:44:47.413807,0.0,0.600000023841858,1800.0,2024-10-28 03:12:16.326997,11520.0,0.0,3360.0,15900.0,10800.0,3915.58368456364,3.0,1.0,751792335.859562,751777936.326997
12.0,6.0,2.0,0.0,0.0,0.0,0.0,0.0,46.0,0.0,0.0,-1.0,3.0,0.0,0.0,1.0,0.0,2.0,0.0,1.0,3.0,0.0,2024-10-29 13:57:46.548962,0.0,0.469999998807907,0.0,2024-10-29 02:23:13.123858,22020.0,14079.675793767,3120.0,9540.0,7020.0,3234.02816200256,3.0,58.0,,
13.0,6.0,7.0,1.0,0.0,0.0,1.0,0.0,4.0,0.0,1.0,-1.0,0.0,0.0,0.0,1.0,0.0,5.0,0.0,1.0,4.0,0.0,2024-10-29 15:06:47.830553,0.0,0.509999990463257,1800.0,2024-10-29 13:58:30.182758,2400.0,406.458063960075,840.0,900.0,0.0,1995.78139269352,3.0,,,
14.0,6.0,39.0,1.0,0.0,0.0,1.0,0.0,10.0,0.0,0.0,-1.0,1.0,0.0,0.0,1.0,0.0,5.0,0.0,1.0,4.0,0.0,2024-10-30 11:40:25.724439,0.0,0.829999983310699,1800.0,2024-10-30 02:30:17.907405,5760.0,1454.9211961031,6240.0,13500.0,7440.0,3593.28791296482,3.0,56713836.0,,
15.0,6.0,1.0,0.0,0.0,0.0,0.0,0.0,10.0,0.0,1.0,-1.0,0.0,0.0,0.0,1.0,0.0,2.0,0.0,1.0,0.0,0.0,2024-10-30 13:30:39.347441,0.0,0.0,0.0,2024-10-30 11:49:29.601724,6060.0,0.0,0.0,0.0,0.0,0.0,3.0,,,
16.0,6.0,6.0,1.0,0.0,0.0,1.0,0.0,0.0,0.0,1.0,-1.0,0.0,0.0,0.0,1.0,0.0,5.0,0.0,1.0,4.0,0.0,2024-10-30 18:34:48.464656,0.0,0.349999994039536,1800.0,2024-10-30 17:42:52.324336,2460.0,2062.73688662052,0.0,660.0,0.0,384.403433322906,3.0,665.0,752006088.464656,752002972.324336
17.0,6.0,49.0,1.0,0.0,0.0,1.0,0.0,24.0,0.0,0.0,-1.0,3.0,0.0,0.0,1.0,0.0,5.0,0.0,1.0,3.0,0.0,2024-10-31 15:55:04.016706,0.0,0.699999988079071,1800.0,2024-10-31 02:03:41.896311,10140.0,0.0,7320.0,18900.0,13560.0,8079.37408542633,3.0,14334.0,,
18.0,6.0,29.0,1.0,0.0,0.0,1.0,0.0,0.0,0.0,0.0,-1.0,1.0,0.0,0.0,1.0,0.0,5.0,0.0,1.0,4.0,0.0,2024-11-01 10:30:52.559080,0.0,0.699999988079071,1800.0,2024-11-01 03:45:53.159962,3600.0,0.0,2160.0,8580.0,9900.0,1848.94866108894,3.0,91.0,752149852.55908,752125553.159962
19.0,6.0,36.0,1.0,0.0,0.0,1.0,0.0,0.0,1.0,0.0,-1.0,1.0,0.0,0.0,1.0,0.0,5.0,0.0,1.0,3.0,0.0,2024-11-02 16:22:04.106689,0.0,0.899999976158142,1800.0,2024-11-02 05:41:28.890686,2880.0,0.0,12120.0,12720.0,10680.0,1191.15187847614,3.0,,752257324.106689,752218888.890686
20.0,6.0,28.0,1.0,0.0,0.0,1.0,0.0,20.0,0.0,0.0,-1.0,2.0,0.0,0.0,1.0,0.0,5.0,0.0,1.0,4.0,0.0,2024-11-03 14:48:10.894989,0.0,0.330000013113022,0.0,2024-11-03 08:23:40.370178,9840.0,7240.00717580318,2400.0,6180.0,4620.0,459.873139739037,3.0,92.0,,
21.0,6.0,33.0,1.0,0.0,0.0,1.0,0.0,8.0,0.0,0.0,-1.0,1.0,0.0,0.0,1.0,0.0,5.0,0.0,1.0,3.0,0.0,2024-11-04 14:25:00.008459,0.0,0.810000002384186,0.0,2024-11-04 06:51:09.807698,4680.0,598.496065974236,4860.0,9000.0,8700.0,1586.62407159805,3.0,305.0,,
22.0,6.0,1.0,0.0,0.0,0.0,0.0,1.0,0.0,0.0,1.0,-1.0,0.0,0.0,0.0,0.0,0.0,1.0,0.0,1.0,0.0,0.0,2024-11-04 17:13:22.805604,0.0,0.829999983310699,0.0,2024-11-04 16:09:47.805605,0.0,0.0,1680.0,2100.0,0.0,0.0,3.0,,,
23.0,6.0,30.0,1.0,0.0,0.0,1.0,0.0,12.0,0.0,0.0,-1.0,1.0,0.0,0.0,1.0,0.0,5.0,0.0,1.0,4.0,0.0,2024-11-05 10:29:37.485198,0.0,0.589999973773956,0.0,2024-11-05 03:39:45.882687,6840.0,1620.70499372482,5700.0,6240.0,5820.0,1664.85041093826,3.0,22.0,,
24.0,6.0,30.0,1.0,0.0,0.0,1.0,0.0,12.0,1.0,0.0,-1.0,2.0,0.0,0.0,1.0,0.0,5.0,0.0,1.0,1.0,0.0,2024-11-06 11:14:43.463260,0.0,0.839999973773956,0.0,2024-11-06 04:34:48.032189,1080.0,0.0,7800.0,9960.0,4260.0,0.0,3.0,5.0,752584483.46326,752560488.032189
40.0,6.0,1.0,0.0,0.0,0.0,0.0,1.0,10.0,0.0,0.0,-1.0,2.0,0.0,0.0,1.0,0.0,1.0,0.0,1.0,0.0,0.0,2024-11-06 18:40:31.229857,0.0,0.600000023841858,0.0,2024-11-06 12:51:02.354344,4200.0,0.0,3060.0,10200.0,3480.0,0.0,3.0,6929.0,,
41.0,6.0,40.0,1.0,0.0,0.0,1.0,0.0,12.0,0.0,0.0,-1.0,1.0,0.0,0.0,1.0,0.0,5.0,0.0,1.0,3.0,0.0,2024-11-07 12:25:33.534248,0.0,0.850000023841858,0.0,2024-11-07 03:10:01.900528,6120.0,5036.17408514023,7020.0,12060.0,8160.0,332.877495408058,3.0,,,
42.0,6.0,11.0,1.0,0.0,0.0,1.0,0.0,0.0,0.0,1.0,-1.0,0.0,0.0,0.0,1.0,0.0,5.0,0.0,1.0,4.0,0.0,2024-11-07 15:54:52.597728,0.0,0.769999980926514,0.0,2024-11-07 13:48:43.372285,1620.0,591.235702991486,2400.0,2580.0,1020.0,996.877210259438,3.0,30.0,,
43.0,6.0,46.0,1.0,0.0,0.0,1.0,0.0,14.0,0.0,0.0,-1.0,1.0,0.0,0.0,1.0,0.0,5.0,0.0,1.0,3.0,0.0,2024-11-08 14:40:45.854458,0.0,0.769999980926514,0.0,2024-11-08 03:49:01.416272,7620.0,644.44296002388,5220.0,16260.0,10020.0,4282.39481127262,3.0,1.0,,
44.0,6.0,35.0,1.0,0.0,0.0,1.0,0.0,0.0,1.0,0.0,-1.0,1.0,0.0,0.0,1.0,0.0,5.0,0.0,1.0,4.0,0.0,2024-11-09 14:27:08.943616,0.0,0.899999976158142,0.0,2024-11-09 06:27:09.584915,3420.0,724.666668653488,7080.0,11160.0,7080.0,0.0,3.0,,752855228.943616,752826429.584915
45.0,6.0,40.0,1.0,0.0,0.0,1.0,0.0,22.0,1.0,0.0,-1.0,5.0,0.0,0.0,1.0,0.0,5.0,0.0,1.0,3.0,0.0,2024-11-10 15:11:56.265412,0.0,0.629999995231628,0.0,2024-11-10 06:05:39.482495,9840.0,715.265411973,5100.0,9780.0,8040.0,0.0,3.0,389364.0,752944316.265412,752911539.482495
46.0,6.0,21.0,1.0,0.0,0.0,1.0,0.0,10.0,0.0,0.0,-1.0,1.0,0.0,0.0,1.0,0.0,5.0,0.0,1.0,1.0,0.0,2024-11-11 10:16:07.360536,0.0,0.419999986886978,0.0,2024-11-11 05:41:36.366078,4560.0,1855.61560642719,2580.0,3300.0,6120.0,1127.33468401432,3.0,,,
47.0,6.0,40.0,1.0,0.0,0.0,1.0,0.0,0.0,1.0,0.0,-1.0,0.0,0.0,0.0,1.0,0.0,5.0,0.0,1.0,1.0,0.0,2024-11-13 13:45:15.732847,0.0,0.670000016689301,0.0,2024-11-13 04:30:16.444204,10620.0,6949.03819906712,7560.0,7080.0,8040.0,3680.75044393539,3.0,706.0,753198315.732847,753165016.444204
48.0,6.0,45.0,1.0,0.0,0.0,1.0,0.0,0.0,0.0,1.0,-1.0,1.0,0.0,0.0,0.0,0.0,5.0,0.0,0.0,3.0,0.0,2024-11-14 15:39:03.926274,0.0,0.560000002384186,0.0,2024-11-14 04:42:01.056987,4500.0,-0.00190210342407227,18900.0,14400.0,1620.0,2700.00024092197,3.0,,,
49.0,6.0,49.0,1.0,0.0,0.0,1.0,0.0,14.0,0.0,0.0,-1.0,3.0,0.0,0.0,1.0,0.0,5.0,0.0,1.0,3.0,0.0,2024-11-15 15:21:00.547229,0.0,0.790000021457672,0.0,2024-11-15 03:50:17.087739,6600.0,772.567646384239,7380.0,18180.0,9300.0,673.012105226517,3.0,,,
50.0,6.0,1.0,0.0,0.0,0.0,0.0,1.0,2.0,0.0,1.0,-1.0,0.0,0.0,0.0,1.0,0.0,1.0,0.0,1.0,0.0,0.0,2024-11-15 17:35:14.068380,0.0,0.810000002384186,0.0,2024-11-15 16:53:12.068380,0.0,0.0,840.0,1680.0,0.0,0.0,3.0,,,
51.0,6.0,29.0,1.0,0.0,0.0,1.0,0.0,0.0,0.0,1.0,-1.0,3.0,0.0,0.0,0.0,0.0,5.0,0.0,0.0,1.0,0.0,2024-11-16 13:52:11.303494,0.0,0.620000004768372,0.0,2024-11-16 06:52:11.966997,15300.0,-5.00679016113281,3600.0,5400.0,900.0,3600.00023794174,3.0,96.0,,
52.0,6.0,42.0,1.0,0.0,0.0,1.0,0.0,0.0,0.0,0.0,-1.0,3.0,0.0,0.0,1.0,0.0,5.0,0.0,1.0,3.0,0.0,2024-11-17 14:36:26.300063,0.0,0.689999997615814,0.0,2024-11-17 04:36:27.126480,7740.0,963.049641132355,4500.0,16680.0,7080.0,1619.87235152721,3.0,36.0,753546986.300063,753510987.12648
53.0,6.0,53.0,1.0,0.0,0.0,1.0,0.0,6.0,0.0,0.0,-1.0,1.0,0.0,0.0,1.0,0.0,5.0,0.0,1.0,0.0,0.0,2024-11-18 14:43:59.717832,0.0,0.899999976158142,0.0,2024-11-18 01:44:56.832064,3480.0,838.358901977539,9180.0,22620.0,11400.0,2020.12506556511,3.0,,,
55.0,6.0,2.0,0.0,0.0,0.0,0.0,1.0,4.0,0.0,1.0,-1.0,0.0,0.0,0.0,1.0,0.0,1.0,0.0,1.0,4.0,0.0,2024-11-19 00:48:17.585626,0.0,0.810000002384186,0.0,2024-11-19 00:06:06.335626,0.0,0.0,300.0,1680.0,600.0,0.0,3.0,4761.0,,
56.0,6.0,4.0,1.0,0.0,0.0,1.0,0.0,0.0,0.0,1.0,-1.0,0.0,0.0,0.0,0.0,0.0,5.0,0.0,0.0,0.0,0.0,2024-11-19 03:53:48.569778,0.0,0.560000002384186,0.0,2024-11-19 02:53:49.034256,900.0,-6.07967376708984,0.0,1800.0,900.0,900.00029706955,3.0,0.0,,
57.0,6.0,30.0,1.0,0.0,0.0,1.0,0.0,0.0,0.0,0.0,-1.0,0.0,0.0,0.0,1.0,0.0,5.0,0.0,1.0,0.0,0.0,2024-11-19 11:10:50.157105,0.0,0.879999995231628,0.0,2024-11-19 04:04:29.698131,2160.0,1346.19722247124,6900.0,11700.0,4800.0,792.371015071869,3.0,92074.0,753707450.157105,753681869.698131
58.0,6.0,18.0,1.0,0.0,0.0,1.0,0.0,52.0,0.0,0.0,-1.0,2.0,0.0,0.0,1.0,0.0,5.0,0.0,1.0,0.0,0.0,2024-11-19 21:35:18.828739,0.0,0.730000019073486,0.0,2024-11-19 13:28:27.968216,6480.0,0.0,4200.0,11280.0,7260.0,273.348206162453,3.0,,,
59.0,6.0,31.0,1.0,0.0,0.0,1.0,0.0,4.0,0.0,0.0,-1.0,1.0,0.0,0.0,1.0,0.0,5.0,0.0,1.0,3.0,0.0,2024-11-20 12:19:06.972030,0.0,0.810000002384186,0.0,2024-11-20 05:05:22.475558,2880.0,246.519812941551,4140.0,12840.0,6180.0,1728.63019788265,3.0,72.0,,
61.0,6.0,1.0,0.0,0.0,0.0,0.0,1.0,0.0,0.0,1.0,-1.0,0.0,0.0,0.0,0.0,0.0,1.0,0.0,1.0,0.0,0.0,2024-11-20 21:44:22.539343,0.0,0.800000011920929,0.0,2024-11-20 20:51:21.539343,0.0,0.0,780.0,2400.0,0.0,0.0,3.0,0.0,,
62.0,6.0,33.0,1.0,0.0,0.0,1.0,0.0,12.0,0.0,0.0,-1.0,4.0,0.0,0.0,1.0,0.0,5.0,0.0,1.0,3.0,0.0,2024-11-21 14:48:49.005306,0.0,0.769999980926514,0.0,2024-11-21 04:53:01.876210,6000.0,0.0,5400.0,12600.0,11760.0,610.756893873215,3.0,0.0,753883681.318154,753857581.87621
63.0,6.0,30.0,1.0,0.0,0.0,1.0,0.0,12.0,0.0,0.0,-1.0,7.0,0.0,0.0,0.0,0.0,5.0,0.0,1.0,3.0,0.0,2024-11-22 09:19:33.060712,0.0,0.479999989271164,0.0,2024-11-22 01:01:54.129823,9780.0,-5.00679016113281,4500.0,14700.0,900.0,0.0,3.0,,,
64.0,6.0,1.0,0.0,0.0,0.0,0.0,1.0,0.0,0.0,1.0,-1.0,0.0,0.0,0.0,0.0,0.0,1.0,0.0,1.0,0.0,0.0,2024-11-22 14:30:07.477385,0.0,0.879999995231628,0.0,2024-11-22 12:33:05.463708,0.0,0.0,2940.0,2460.0,1620.0,0.0,3.0,,,
65.0,6.0,42.0,1.0,0.0,0.0,1.0,0.0,0.0,0.0,0.0,-1.0,7.0,0.0,0.0,1.0,0.0,5.0,0.0,1.0,0.0,0.0,2024-11-23 17:05:41.843709,0.0,0.579999983310699,0.0,2024-11-23 03:13:03.246662,28500.0,6277.22555923462,5400.0,10860.0,5160.0,6666.6212927103,3.0,0.0,754074341.843709,754024383.246662
66.0,6.0,38.0,1.0,0.0,0.0,1.0,0.0,12.0,0.0,0.0,-1.0,2.0,0.0,0.0,1.0,0.0,5.0,0.0,1.0,0.0,0.0,2024-11-24 13:24:04.204684,0.0,0.46000000834465,0.0,2024-11-24 04:09:04.902812,65400.0,59363.3739210367,2580.0,6420.0,7860.0,511.431395292282,3.0,9.0,,
79.0,6.0,1.0,0.0,0.0,0.0,0.0,1.0,8.0,0.0,0.0,-1.0,2.0,0.0,0.0,1.0,0.0,1.0,0.0,1.0,0.0,0.0,2024-11-25 13:00:44.587288,0.0,0.850000023841858,0.0,2024-11-25 05:54:50.841623,2580.0,0.0,6780.0,10500.0,5700.0,0.0,3.0,94.0,,
85.0,6.0,1.0,0.0,0.0,0.0,0.0,1.0,14.0,0.0,0.0,-1.0,2.0,0.0,0.0,0.0,0.0,1.0,0.0,1.0,0.0,0.0,2024-11-25 23:40:58.088947,0.0,0.349999994039536,0.0,2024-11-25 18:47:02.089148,6720.0,0.0,2040.0,5580.0,3300.0,0.0,3.0,4.0,,
97.0,6.0,1.0,0.0,0.0,0.0,0.0,1.0,10.0,0.0,0.0,-1.0,1.0,0.0,0.0,1.0,0.0,1.0,0.0,1.0,0.0,0.0,2024-11-26 12:16:04.412622,0.0,0.810000002384186,0.0,2024-11-26 04:22:18.411761,4440.0,0.0,5280.0,9900.0,8820.0,0.0,3.0,661739.0,,
100.0,6.0,1.0,0.0,0.0,0.0,0.0,1.0,2.0,0.0,1.0,-1.0,0.0,0.0,0.0,0.0,0.0,1.0,0.0,1.0,0.0,0.0,2024-11-26 16:03:03.787622,0.0,0.879999995231628,0.0,2024-11-26 14:20:20.787622,0.0,0.0,1920.0,2280.0,1980.0,0.0,3.0,1.0,,
101.0,6.0,41.0,1.0,0.0,0.0,1.0,0.0,0.0,0.0,1.0,-1.0,2.0,0.0,0.0,0.0,0.0,5.0,0.0,0.0,0.0,0.0,2024-11-27 12:15:28.543386,0.0,0.540000021457672,0.0,2024-11-27 02:00:29.342231,4500.0,-5.00679016113281,16200.0,15300.0,900.0,1800.00072598457,3.0,430.0,,
105.0,6.0,1.0,0.0,0.0,0.0,0.0,1.0,0.0,0.0,1.0,-1.0,0.0,0.0,0.0,1.0,0.0,1.0,0.0,1.0,0.0,0.0,2024-11-28 10:55:58.936360,0.0,0.930000007152557,0.0,2024-11-28 09:20:59.079063,0.0,0.0,2760.0,2220.0,720.0,0.0,3.0,2.0,,
106.0,6.0,29.0,1.0,0.0,0.0,1.0,0.0,0.0,0.0,0.0,-1.0,0.0,0.0,0.0,1.0,0.0,5.0,0.0,0.0,0.0,0.0,2024-11-29 16:19:28.148312,0.0,0.0,0.0,2024-11-29 09:04:28.751169,0.0,0.0,0.0,0.0,0.0,0.0,3.0,158.0,,
112.0,6.0,43.0,1.0,0.0,0.0,1.0,0.0,26.0,0.0,0.0,-1.0,3.0,0.0,0.0,1.0,0.0,5.0,0.0,1.0,0.0,0.0,2024-11-30 16:30:08.138832,0.0,0.790000021457672,0.0,2024-11-30 03:50:37.579586,7800.0,1635.14985918999,9480.0,19080.0,9240.0,0.0,3.0,59067.0,,
114.0,6.0,1.0,0.0,0.0,0.0,0.0,1.0,14.0,0.0,0.0,-1.0,3.0,0.0,0.0,1.0,0.0,1.0,0.0,1.0,0.0,0.0,2024-11-30 15:58:23.228965,0.0,0.810000002384186,0.0,2024-11-30 03:50:37.579586,6120.0,0.0,7560.0,20040.0,9900.0,0.0,3.0,6.0,,
116.0,6.0,1.0,0.0,0.0,0.0,0.0,1.0,2.0,0.0,1.0,-1.0,0.0,0.0,0.0,0.0,0.0,1.0,0.0,1.0,0.0,0.0,2024-11-30 20:31:25.828225,0.0,0.850000023841858,0.0,2024-11-30 18:02:54.865381,0.0,0.0,1800.0,5340.0,1740.0,0.0,3.0,516.0,,
117.0,6.0,42.0,1.0,0.0,0.0,1.0,0.0,6.0,0.0,0.0,-1.0,2.0,0.0,0.0,1.0,0.0,5.0,0.0,1.0,3.0,0.0,2024-12-01 15:54:06.465387,0.0,0.839999973773956,0.0,2024-12-01 06:01:39.276190,3840.0,545.026057958603,6540.0,15420.0,9720.0,1803.36864686012,3.0,531.0,,
118.0,6.0,1.0,0.0,0.0,0.0,0.0,1.0,12.0,0.0,1.0,-1.0,1.0,0.0,0.0,1.0,0.0,1.0,0.0,1.0,0.0,0.0,2024-12-02 00:58:50.168626,0.0,0.639999985694885,0.0,2024-12-01 22:42:28.042881,4440.0,0.0,1140.0,2340.0,240.0,0.0,3.0,,,
156.0,6.0,1.0,0.0,0.0,0.0,0.0,1.0,12.0,0.0,0.0,-1.0,2.0,0.0,0.0,1.0,0.0,1.0,0.0,1.0,0.0,0.0,2024-12-02 16:00:59.331887,0.0,0.850000023841858,0.0,2024-12-02 04:03:49.331041,4320.0,0.0,13740.0,17340.0,7620.0,0.0,3.0,,,
158.0,6.0,1.0,0.0,0.0,0.0,0.0,1.0,10.0,0.0,1.0,-1.0,1.0,0.0,0.0,0.0,0.0,1.0,0.0,1.0,0.0,0.0,2024-12-02 22:59:28.833297,0.0,0.589999973773956,0.0,2024-12-02 20:18:46.208297,4920.0,0.0,900.0,2160.0,1680.0,0.0,3.0,789.0,,
159.0,6.0,40.0,1.0,0.0,0.0,1.0,0.0,0.0,0.0,0.0,-1.0,3.0,0.0,0.0,1.0,0.0,5.0,0.0,1.0,3.0,0.0,2024-12-03 12:38:40.239303,0.0,0.639999985694885,0.0,2024-12-03 03:23:35.618731,9060.0,1409.77388298512,3600.0,15000.0,5640.0,3164.16388142109,3.0,,754922320.239303,754889015.618731
160.0,6.0,37.0,1.0,0.0,0.0,1.0,0.0,16.0,0.0,0.0,-1.0,0.0,0.0,0.0,1.0,0.0,5.0,0.0,1.0,3.0,0.0,2024-12-04 13:22:27.397786,0.0,0.75,0.0,2024-12-04 04:49:10.230997,8640.0,5735.121514678,5340.0,10500.0,6300.0,2918.80532777309,3.0,70.0,,
161.0,6.0,11.0,1.0,0.0,0.0,1.0,0.0,6.0,0.0,1.0,-1.0,2.0,0.0,0.0,1.0,0.0,5.0,0.0,1.0,0.0,0.0,2024-12-04 18:13:08.260899,0.0,0.689999997615814,0.0,2024-12-04 15:37:55.261577,2100.0,787.260898947716,2040.0,2520.0,2640.0,0.0,3.0,3635.0,,
162.0,6.0,33.0,1.0,0.0,0.0,1.0,0.0,20.0,0.0,0.0,-1.0,3.0,0.0,0.0,1.0,0.0,5.0,0.0,1.0,1.0,0.0,2024-12-05 12:00:29.886460,0.0,0.490000009536743,0.0,2024-12-05 04:30:16.372295,9900.0,837.32411980629,4200.0,8220.0,4680.0,1276.47931683064,3.0,93.0,,
163.0,6.0,1.0,0.0,0.0,0.0,0.0,1.0,2.0,0.0,1.0,-1.0,0.0,0.0,0.0,0.0,0.0,1.0,0.0,1.0,0.0,0.0,2024-12-05 15:16:41.224571,0.0,0.810000002384186,0.0,2024-12-05 14:38:19.224571,0.0,0.0,1020.0,1320.0,0.0,0.0,3.0,48.0,,
164.0,6.0,21.0,1.0,0.0,0.0,1.0,0.0,6.0,0.0,0.0,-1.0,0.0,0.0,0.0,1.0,0.0,5.0,0.0,1.0,0.0,0.0,2024-12-06 10:36:14.404306,0.0,0.400000005960464,0.0,2024-12-06 05:37:25.535976,3660.0,372.963539004326,3780.0,2760.0,7680.0,3310.01679289341,3.0,,,
165.0,6.0,35.0,1.0,0.0,0.0,1.0,0.0,38.0,0.0,0.0,-1.0,2.0,0.0,0.0,1.0,0.0,5.0,0.0,1.0,4.0,0.0,2024-12-07 10:48:03.922789,0.0,0.379999995231628,0.0,2024-12-07 02:41:56.533728,17460.0,7782.47907328606,2820.0,5640.0,3240.0,4002.09308707714,3.0,6209082.0,,
168.0,6.0,1.0,0.0,0.0,0.0,0.0,1.0,4.0,0.0,0.0,-1.0,1.0,0.0,0.0,0.0,0.0,1.0,0.0,1.0,0.0,0.0,2024-12-07 19:04:40.039721,0.0,0.579999983310699,0.0,2024-12-07 14:07:43.665790,1800.0,0.0,3000.0,9420.0,3600.0,0.0,3.0,,,
169.0,6.0,35.0,1.0,0.0,0.0,1.0,0.0,24.0,0.0,0.0,-1.0,3.0,0.0,0.0,1.0,0.0,5.0,0.0,1.0,4.0,0.0,2024-12-08 12:00:52.237373,0.0,0.400000005960464,0.0,2024-12-08 03:54:55.404047,11880.0,50.7717039585114,2040.0,9360.0,5880.0,3032.47056508064,3.0,7.0,,
171.0,6.0,1.0,0.0,0.0,0.0,0.0,1.0,0.0,0.0,1.0,-1.0,0.0,0.0,0.0,0.0,0.0,1.0,0.0,1.0,0.0,0.0,2024-12-08 17:03:38.246813,0.0,0.850000023841858,0.0,2024-12-08 14:20:03.996813,0.0,0.0,3840.0,3180.0,2820.0,0.0,3.0,25263.0,,
172.0,6.0,29.0,1.0,0.0,0.0,1.0,0.0,34.0,0.0,0.0,-1.0,6.0,0.0,0.0,1.0,0.0,5.0,0.0,1.0,3.0,0.0,2024-12-09 15:32:16.249711,0.0,0.519999980926514,0.0,2024-12-09 06:15:27.812462,10860.0,0.0,1080.0,12000.0,8760.0,940.18739593029,3.0,,,
173.0,6.0,29.0,1.0,0.0,0.0,1.0,0.0,0.0,0.0,1.0,-1.0,4.0,0.0,0.0,0.0,0.0,5.0,0.0,0.0,3.0,0.0,2024-12-10 12:00:43.658552,0.0,0.439999997615814,0.0,2024-12-10 05:15:41.520943,18900.0,-0.00372397899627686,0.0,5400.0,0.0,5400.000207901,3.0,,,
174.0,6.0,1.0,0.0,0.0,0.0,0.0,1.0,2.0,0.0,1.0,-1.0,0.0,0.0,0.0,0.0,0.0,1.0,0.0,1.0,0.0,0.0,2024-12-10 03:34:01.373758,0.0,0.910000026226044,0.0,2024-12-10 02:11:50.873758,0.0,0.0,2160.0,2160.0,600.0,0.0,3.0,842716.0,,
175.0,6.0,1.0,0.0,0.0,0.0,0.0,1.0,2.0,0.0,1.0,-1.0,0.0,0.0,0.0,1.0,0.0,1.0,0.0,1.0,0.0,0.0,2024-12-10 18:47:17.289167,0.0,0.839999973773956,0.0,2024-12-10 18:04:53.050405,0.0,0.0,1020.0,900.0,600.0,0.0,3.0,9055.0,,
176.0,6.0,5.0,0.0,0.0,0.0,0.0,0.0,98.0,0.0,1.0,-1.0,7.0,0.0,0.0,1.0,0.0,2.0,0.0,1.0,0.0,0.0,2024-12-12 08:01:26.703333,0.0,0.600000023841858,0.0,2024-12-11 03:54:24.128932,63660.0,18986.7033330202,7980.0,16500.0,13080.0,1551.30755972862,3.0,,,
201.0,6.0,1.0,0.0,0.0,0.0,0.0,1.0,14.0,0.0,0.0,-1.0,3.0,0.0,0.0,1.0,0.0,1.0,0.0,1.0,0.0,0.0,2024-12-11 16:47:54.967047,0.0,0.800000011920929,0.0,2024-12-11 06:20:49.329629,5820.0,0.0,7800.0,13320.0,10680.0,0.0,3.0,,,
202.0,6.0,35.0,1.0,0.0,0.0,1.0,0.0,18.0,0.0,0.0,-1.0,2.0,0.0,0.0,1.0,0.0,5.0,0.0,1.0,3.0,0.0,2024-12-12 16:02:28.337609,0.0,0.46000000834465,0.0,2024-12-12 08:01:36.114217,10740.0,147.882637023926,900.0,10740.0,6480.0,6214.95653748512,3.0,25.0,,
203.0,6.0,1.0,0.0,0.0,0.0,0.0,1.0,2.0,0.0,1.0,-1.0,0.0,0.0,0.0,1.0,0.0,1.0,0.0,1.0,0.0,0.0,2024-12-13 06:14:18.613915,0.0,0.839999973773956,0.0,2024-12-13 05:36:22.375278,0.0,0.0,1320.0,960.0,0.0,0.0,3.0,4.0,,
213.0,6.0,1.0,0.0,0.0,0.0,0.0,1.0,0.0,0.0,0.0,-1.0,0.0,0.0,0.0,0.0,0.0,1.0,0.0,1.0,0.0,0.0,2024-12-13 12:34:24.238915,0.0,0.620000004768372,0.0,2024-12-13 08:49:21.238915,0.0,0.0,6240.0,4200.0,3060.0,0.0,3.0,,,
214.0,6.0,1.0,0.0,0.0,0.0,0.0,1.0,0.0,0.0,0.0,-1.0,0.0,0.0,0.0,0.0,0.0,1.0,0.0,1.0,0.0,0.0,2024-12-13 18:19:51.362378,0.0,0.639999985694885,0.0,2024-12-13 14:38:40.109066,0.0,0.0,4320.0,5940.0,3000.0,0.0,3.0,7.0,,
215.0,6.0,35.0,1.0,0.0,0.0,1.0,0.0,14.0,0.0,0.0,-1.0,2.0,0.0,0.0,1.0,0.0,5.0,0.0,1.0,3.0,0.0,2024-12-15 13:17:19.018001,0.0,0.689999997615814,0.0,2024-12-15 04:23:06.082719,6780.0,0.0,2820.0,12720.0,9720.0,4031.42763125896,3.0,40.0,,
216.0,6.0,4.0,1.0,0.0,0.0,1.0,0.0,0.0,0.0,1.0,-1.0,0.0,0.0,0.0,1.0,0.0,5.0,0.0,1.0,0.0,0.0,2024-12-16 08:40:36.681041,0.0,0.349999994039536,0.0,2024-12-16 08:09:34.724638,1140.0,634.941599011421,0.0,720.0,0.0,506.957423210144,3.0,13.0,,
217.0,6.0,29.0,1.0,0.0,0.0,1.0,0.0,6.0,0.0,0.0,-1.0,2.0,0.0,0.0,1.0,0.0,5.0,0.0,1.0,3.0,0.0,2024-12-16 15:38:05.111866,0.0,0.800000011920929,0.0,2024-12-16 08:57:25.130521,3480.0,484.513344049454,4020.0,12360.0,4200.0,382.450877189636,3.0,,,
218.0,6.0,34.0,1.0,0.0,0.0,1.0,0.0,20.0,0.0,0.0,-1.0,2.0,0.0,0.0,1.0,0.0,5.0,0.0,1.0,3.0,0.0,2024-12-17 14:49:43.944154,0.0,0.560000002384186,0.0,2024-12-17 06:50:44.668560,9240.0,282.590512037277,2460.0,11760.0,5220.0,7783.05835843086,3.0,22253.0,,
219.0,6.0,3.0,1.0,0.0,0.0,1.0,0.0,0.0,0.0,1.0,-1.0,0.0,0.0,0.0,1.0,0.0,5.0,0.0,1.0,0.0,0.0,2024-12-18 04:09:41.844149,0.0,0.0,0.0,2024-12-18 03:52:33.835720,1020.0,0.0,0.0,0.0,0.0,0.0,3.0,,,
220.0,6.0,31.0,1.0,0.0,0.0,1.0,0.0,24.0,0.0,0.0,-1.0,4.0,0.0,0.0,1.0,0.0,5.0,0.0,1.0,0.0,0.0,2024-12-18 13:01:30.128986,0.0,0.600000023841858,0.0,2024-12-18 04:50:38.065373,10200.0,0.0,5640.0,8520.0,5100.0,6360.30377030373,3.0,737.0,,
221.0,6.0,1.0,0.0,0.0,0.0,0.0,1.0,2.0,0.0,1.0,-1.0,1.0,0.0,0.0,1.0,0.0,1.0,0.0,1.0,0.0,0.0,2024-12-18 21:13:12.010885,0.0,0.790000021457672,0.0,2024-12-18 19:51:04.017231,900.0,0.0,1080.0,2460.0,540.0,0.0,3.0,84.0,,
222.0,6.0,8.0,1.0,0.0,0.0,1.0,0.0,0.0,0.0,1.0,-1.0,0.0,0.0,0.0,1.0,0.0,5.0,0.0,1.0,0.0,0.0,2024-12-20 06:40:14.222960,0.0,0.409999996423721,0.0,2024-12-20 05:17:55.835121,3180.0,419.699283361435,0.0,1740.0,0.0,2784.06355559826,3.0,3.0,756369614.22296,756364675.835121
223.0,6.0,26.0,1.0,0.0,0.0,1.0,0.0,58.0,0.0,0.0,-1.0,3.0,0.0,0.0,1.0,0.0,5.0,0.0,1.0,3.0,0.0,2024-12-20 14:59:52.271019,0.0,0.779999971389771,0.0,2024-12-20 07:05:20.265687,2640.0,0.0,3540.0,13380.0,8940.0,609.132989764214,3.0,,,
224.0,6.0,3.0,1.0,0.0,0.0,1.0,0.0,0.0,0.0,1.0,-1.0,0.0,0.0,0.0,1.0,0.0,5.0,0.0,1.0,0.0,0.0,2024-12-21 05:18:58.401396,0.0,0.0,0.0,2024-12-21 05:03:09.029142,960.0,0.0,0.0,0.0,0.0,0.0,3.0,,,
225.0,6.0,27.0,1.0,0.0,0.0,1.0,0.0,8.0,0.0,0.0,-1.0,1.0,0.0,0.0,1.0,0.0,5.0,0.0,1.0,3.0,0.0,2024-12-21 14:44:53.026002,0.0,0.850000023841858,0.0,2024-12-21 06:11:18.584150,3000.0,0.0,5100.0,13500.0,9240.0,2036.67756950855,3.0,4.0,,
226.0,6.0,30.0,1.0,0.0,0.0,1.0,0.0,6.0,0.0,0.0,-1.0,1.0,0.0,0.0,1.0,0.0,5.0,0.0,1.0,3.0,0.0,2024-12-23 12:16:18.215930,0.0,0.790000021457672,0.0,2024-12-23 05:24:23.030280,4200.0,77.7560629844666,6120.0,7920.0,6480.0,1409.78033590317,3.0,,,
230.0,6.0,1.0,0.0,0.0,0.0,0.0,1.0,4.0,0.0,0.0,-1.0,1.0,0.0,0.0,0.0,0.0,1.0,0.0,1.0,0.0,0.0,2024-12-23 19:16:29.599312,0.0,0.620000004768372,0.0,2024-12-23 14:22:08.226394,2100.0,0.0,3540.0,6900.0,5160.0,0.0,3.0,9.0,,
231.0,6.0,28.0,1.0,0.0,0.0,1.0,0.0,18.0,0.0,0.0,-1.0,0.0,0.0,0.0,1.0,0.0,5.0,0.0,1.0,0.0,0.0,2024-12-24 12:00:06.783947,0.0,0.419999986886978,0.0,2024-12-24 05:35:38.213962,8520.0,2533.03148055077,6240.0,4560.0,3780.0,5999.19499957561,3.0,,,
233.0,6.0,1.0,0.0,0.0,0.0,0.0,1.0,4.0,0.0,1.0,-1.0,0.0,0.0,0.0,1.0,0.0,1.0,0.0,1.0,0.0,0.0,2024-12-24 15:35:00.291930,0.0,0.790000021457672,0.0,2024-12-24 14:49:46.540206,0.0,0.0,1440.0,660.0,600.0,0.0,3.0,,,
234.0,6.0,1.0,0.0,0.0,0.0,0.0,1.0,2.0,0.0,0.0,-1.0,0.0,0.0,0.0,0.0,0.0,1.0,0.0,1.0,0.0,0.0,2024-12-25 13:10:32.873645,0.0,0.769999980926514,0.0,2024-12-25 08:35:52.869976,0.0,0.0,5220.0,5460.0,5820.0,0.0,3.0,,,
235.0,6.0,36.0,1.0,0.0,0.0,1.0,0.0,10.0,0.0,0.0,-1.0,2.0,0.0,0.0,1.0,0.0,5.0,0.0,1.0,4.0,0.0,2024-12-26 11:04:36.590529,0.0,0.839999973773956,0.0,2024-12-26 02:36:45.090779,5160.0,1036.61917412281,6120.0,11340.0,7920.0,1456.42147445679,3.0,1.0,,
237.0,6.0,1.0,0.0,0.0,0.0,0.0,1.0,2.0,0.0,1.0,-1.0,0.0,0.0,0.0,0.0,0.0,1.0,0.0,1.0,0.0,0.0,2024-12-27 01:44:15.813197,0.0,0.740000009536743,0.0,2024-12-27 01:10:28.813197,0.0,0.0,1680.0,360.0,0.0,0.0,3.0,,,
238.0,6.0,1.0,0.0,0.0,0.0,0.0,1.0,6.0,0.0,0.0,-1.0,1.0,0.0,0.0,0.0,0.0,1.0,0.0,1.0,0.0,0.0,2024-12-27 16:26:55.286553,0.0,0.889999985694885,0.0,2024-12-27 05:37:14.785211,720.0,0.0,7380.0,17640.0,13320.0,0.0,3.0,,,
240.0,6.0,1.0,0.0,0.0,0.0,0.0,1.0,2.0,0.0,0.0,-1.0,1.0,0.0,0.0,0.0,0.0,1.0,0.0,1.0,0.0,0.0,2024-12-27 22:45:00.536765,0.0,0.620000004768372,0.0,2024-12-27 18:41:18.659443,840.0,0.0,4320.0,6060.0,3360.0,0.0,3.0,9.0,,
241.0,6.0,26.0,1.0,0.0,0.0,1.0,0.0,18.0,0.0,0.0,-1.0,2.0,0.0,0.0,1.0,0.0,5.0,0.0,1.0,0.0,0.0,2024-12-28 12:00:07.016559,0.0,0.360000014305115,0.0,2024-12-28 05:47:32.232555,8700.0,558.09988951683,2520.0,5520.0,5700.0,871.073177576065,3.0,,,
242.0,6.0,1.0,0.0,0.0,0.0,0.0,1.0,2.0,0.0,1.0,-1.0,1.0,0.0,0.0,0.0,0.0,1.0,0.0,1.0,0.0,0.0,2024-12-28 22:59:37.796479,0.0,0.810000002384186,0.0,2024-12-28 20:10:52.296479,840.0,0.0,1920.0,4260.0,3120.0,0.0,3.0,8612.0,,
243.0,6.0,27.0,1.0,0.0,0.0,1.0,0.0,22.0,0.0,0.0,-1.0,4.0,0.0,0.0,1.0,0.0,5.0,0.0,1.0,4.0,0.0,2024-12-29 15:59:30.192131,0.0,0.689999997615814,0.0,2024-12-29 05:28:13.839124,6720.0,0.0,2460.0,19140.0,9060.0,1165.97847318649,3.0,15.0,,
244.0,6.0,1.0,0.0,0.0,0.0,0.0,1.0,0.0,0.0,1.0,-1.0,0.0,0.0,0.0,1.0,0.0,1.0,0.0,1.0,0.0,0.0,2024-12-29 19:50:13.191815,0.0,0.810000002384186,0.0,2024-12-29 19:06:17.941815,0.0,0.0,1020.0,1620.0,0.0,0.0,3.0,,,
260.0,6.0,1.0,0.0,0.0,0.0,0.0,1.0,6.0,0.0,0.0,-1.0,2.0,0.0,0.0,1.0,0.0,1.0,0.0,1.0,0.0,0.0,2024-12-30 13:19:03.032634,0.0,0.569999992847443,0.0,2024-12-30 08:34:27.906341,1440.0,0.0,1740.0,10020.0,3840.0,0.0,3.0,55.0,,
266.0,6.0,1.0,0.0,0.0,0.0,0.0,1.0,2.0,0.0,1.0,-1.0,0.0,0.0,0.0,1.0,0.0,1.0,0.0,1.0,0.0,0.0,2024-12-30 16:49:06.157634,0.0,0.910000026226044,0.0,2024-12-30 15:33:48.532634,0.0,0.0,1380.0,2580.0,600.0,0.0,3.0,99.0,,
267.0,6.0,32.0,1.0,0.0,0.0,1.0,0.0,6.0,0.0,0.0,-1.0,1.0,0.0,0.0,1.0,0.0,5.0,0.0,1.0,0.0,0.0,2024-12-31 11:03:08.164356,0.0,0.670000016689301,0.0,2024-12-31 03:18:08.801630,153780.0,150201.849506974,4980.0,8460.0,8940.0,2778.7026219368,3.0,5.0,,
268.0,6.0,1.0,0.0,0.0,0.0,0.0,1.0,0.0,0.0,1.0,-1.0,0.0,0.0,0.0,0.0,0.0,1.0,0.0,1.0,0.0,0.0,2024-12-31 02:27:05.043874,0.0,0.769999980926514,0.0,2024-12-31 01:55:39.657773,0.0,0.0,1440.0,420.0,0.0,0.0,3.0,160.0,,
269.0,6.0,37.0,1.0,0.0,0.0,1.0,0.0,12.0,0.0,0.0,-1.0,2.0,0.0,0.0,1.0,0.0,5.0,0.0,1.0,0.0,0.0,2025-01-02 15:10:44.182825,0.0,0.769999980926514,0.0,2025-01-02 04:19:16.882928,7440.0,0.0,5400.0,14400.0,11820.0,840.266372799873,3.0,13.0,,
270.0,6.0,33.0,1.0,0.0,0.0,1.0,0.0,12.0,0.0,0.0,-1.0,2.0,0.0,0.0,1.0,0.0,5.0,0.0,1.0,3.0,0.0,2025-01-03 12:25:09.231208,0.0,0.699999988079071,0.0,2025-01-03 04:41:33.423813,7320.0,1508.8584009409,4020.0,7740.0,8760.0,1186.9660577774,3.0,,,
271.0,6.0,35.0,1.0,0.0,0.0,1.0,0.0,30.0,0.0,0.0,-1.0,5.0,0.0,0.0,1.0,0.0,5.0,0.0,1.0,3.0,0.0,2025-01-04 15:37:00.055420,0.0,0.639999985694885,0.0,2025-01-04 05:13:50.046241,7140.0,0.0,1800.0,19200.0,9120.0,995.509615898132,3.0,5.0,,
272.0,6.0,25.0,1.0,0.0,0.0,1.0,0.0,8.0,0.0,0.0,-1.0,1.0,0.0,0.0,1.0,0.0,5.0,0.0,1.0,0.0,0.0,2025-01-05 12:00:17.046503,0.0,0.639999985694885,0.0,2025-01-05 06:00:40.400551,4560.0,15.6100360155106,5400.0,6660.0,4980.0,2018.88349795341,3.0,1.0,,
273.0,6.0,1.0,0.0,0.0,0.0,0.0,1.0,2.0,0.0,1.0,-1.0,0.0,0.0,0.0,1.0,0.0,1.0,0.0,1.0,0.0,0.0,2025-01-06 16:45:20.894704,0.0,0.769999980926514,0.0,2025-01-06 16:06:47.756774,0.0,0.0,1800.0,540.0,0.0,0.0,3.0,80.0,,
274.0,6.0,38.0,1.0,0.0,0.0,1.0,0.0,4.0,0.0,0.0,-1.0,2.0,0.0,0.0,1.0,0.0,5.0,0.0,1.0,3.0,0.0,2025-01-07 12:32:51.901636,0.0,0.839999973773956,0.0,2025-01-07 03:47:26.501196,4320.0,172.017400026321,5160.0,13920.0,8160.0,1044.60753440857,3.0,,,
275.0,6.0,1.0,0.0,0.0,0.0,0.0,1.0,0.0,0.0,1.0,-1.0,0.0,0.0,0.0,0.0,0.0,1.0,0.0,1.0,0.0,0.0,2025-01-07 17:55:29.023960,0.0,0.839999973773956,0.0,2025-01-07 16:36:37.273960,0.0,0.0,1860.0,2880.0,0.0,0.0,3.0,4861604.0,,
276.0,6.0,31.0,1.0,0.0,0.0,1.0,0.0,0.0,0.0,0.0,-1.0,0.0,0.0,0.0,1.0,0.0,5.0,0.0,1.0,3.0,0.0,2025-01-08 11:16:27.525964,0.0,0.860000014305115,0.0,2025-01-08 04:10:16.892452,2340.0,830.482982039452,5400.0,7260.0,10620.0,1482.02405226231,3.0,47922.0,758027787.525964,758002216.892452
282.0,6.0,2.0,0.0,0.0,0.0,0.0,1.0,2.0,0.0,0.0,-1.0,1.0,0.0,0.0,0.0,0.0,1.0,0.0,1.0,4.0,0.0,2025-01-09 14:10:21.903928,0.0,0.930000007152557,0.0,2025-01-09 08:21:10.153928,900.0,0.0,5640.0,8340.0,6060.0,0.0,3.0,,,
283.0,6.0,34.0,0.0,0.0,0.0,1.0,0.0,20.0,0.0,0.0,-1.0,3.0,0.0,0.0,1.0,0.0,5.0,0.0,1.0,1.0,0.0,2025-01-10 16:01:35.294313,0.0,0.689999997615814,0.0,2025-01-10 07:27:20.013371,8340.0,0.0,4680.0,9780.0,7680.0,6506.53094172478,3.0,4.0,,
284.0,6.0,1.0,0.0,0.0,0.0,0.0,1.0,18.0,0.0,1.0,-1.0,1.0,0.0,0.0,0.0,0.0,1.0,0.0,1.0,0.0,0.0,2025-01-12 00:05:06.466116,0.0,0.519999980926514,0.0,2025-01-11 21:22:52.216116,3480.0,0.0,420.0,3480.0,2340.0,0.0,3.0,,,
285.0,6.0,46.0,0.0,0.0,0.0,1.0,0.0,4.0,0.0,0.0,-1.0,2.0,0.0,0.0,1.0,0.0,5.0,0.0,1.0,4.0,0.0,2025-01-12 15:17:33.138723,0.0,0.910000026226044,0.0,2025-01-12 04:27:53.002360,1620.0,153.242213010788,7860.0,18060.0,11460.0,148.289458870888,3.0,,,
286.0,6.0,4.0,0.0,0.0,0.0,1.0,0.0,0.0,0.0,1.0,-1.0,0.0,0.0,0.0,1.0,0.0,5.0,0.0,1.0,0.0,0.0,2025-01-13 04:30:54.036237,0.0,0.0,0.0,2025-01-13 04:11:28.412033,1140.0,0.0,0.0,0.0,0.0,0.0,3.0,98.0,,
287.0,6.0,39.0,0.0,0.0,0.0,1.0,0.0,10.0,0.0,0.0,-1.0,3.0,0.0,0.0,1.0,0.0,5.0,0.0,1.0,0.0,0.0,2025-01-13 14:05:17.126772,0.0,0.800000011920929,0.0,2025-01-13 04:49:29.046600,5400.0,315.842695951462,7620.0,13140.0,7200.0,1945.2852896452,3.0,48892244.0,,
288.0,6.0,32.0,0.0,0.0,0.0,1.0,0.0,2.0,0.0,0.0,-1.0,0.0,0.0,0.0,1.0,0.0,5.0,0.0,1.0,1.0,0.0,2025-01-14 15:05:30.757872,0.0,0.889999985694885,0.0,2025-01-14 07:45:54.641729,2100.0,329.104478955269,5700.0,10740.0,7860.0,1755.71554040909,3.0,748231.0,,
289.0,6.0,9.0,0.0,0.0,0.0,1.0,0.0,14.0,0.0,1.0,-1.0,0.0,0.0,0.0,1.0,0.0,5.0,0.0,1.0,0.0,0.0,2025-01-16 05:45:33.578517,0.0,0.0,0.0,2025-01-16 03:54:51.022364,6660.0,0.0,0.0,0.0,0.0,0.0,3.0,76.0,,
290.0,6.0,26.0,0.0,0.0,0.0,1.0,0.0,10.0,0.0,0.0,-1.0,2.0,0.0,0.0,1.0,0.0,5.0,0.0,1.0,3.0,0.0,2025-01-16 11:52:21.663526,0.0,0.519999980926514,0.0,2025-01-16 05:58:46.908497,5160.0,440.202873945236,2940.0,8880.0,4260.0,1122.02316880226,3.0,4.0,,
291.0,6.0,27.0,0.0,0.0,0.0,1.0,0.0,0.0,0.0,0.0,-1.0,2.0,0.0,0.0,1.0,0.0,5.0,0.0,1.0,0.0,0.0,2025-01-17 15:16:27.559246,0.0,0.829999983310699,0.0,2025-01-17 09:00:09.808833,1920.0,0.0,3840.0,10500.0,6240.0,0.0,3.0,7.0,758819787.559246,758797209.808833
292.0,6.0,1.0,0.0,0.0,0.0,0.0,1.0,2.0,0.0,1.0,-1.0,0.0,0.0,0.0,0.0,0.0,1.0,0.0,1.0,0.0,0.0,2025-01-17 22:02:33.873336,0.0,0.839999973773956,0.0,2025-01-17 21:19:47.748336,0.0,0.0,1200.0,780.0,600.0,0.0,3.0,,,
293.0,6.0,35.0,0.0,0.0,0.0,1.0,0.0,6.0,0.0,0.0,-1.0,3.0,0.0,0.0,1.0,0.0,5.0,0.0,1.0,4.0,0.0,2025-01-19 13:31:36.038257,0.0,0.569999992847443,0.0,2025-01-19 05:27:00.011692,7260.0,94.5397369861603,780.0,14160.0,6840.0,1208.68552625179,3.0,103.0,,
294.0,6.0,23.0,0.0,0.0,0.0,1.0,0.0,0.0,0.0,1.0,-1.0,1.0,0.0,0.0,0.0,0.0,5.0,0.0,0.0,1.0,0.0,2025-01-20 11:39:04.024320,0.0,0.379999995231628,0.0,2025-01-20 06:21:02.304975,4500.0,-0.00995099544525146,900.0,10080.0,3600.0,3600.00041997433,3.0,13845.0,,
295.0,6.0,15.0,0.0,0.0,0.0,1.0,0.0,0.0,0.0,1.0,-1.0,0.0,0.0,0.0,1.0,0.0,5.0,0.0,1.0,0.0,0.0,2025-01-21 05:04:39.159692,0.0,0.0,0.0,2025-01-21 04:47:12.234101,1020.0,0.0,0.0,0.0,0.0,0.0,3.0,490.0,759128679.159692,759127632.234101
296.0,6.0,40.0,0.0,0.0,0.0,1.0,0.0,6.0,0.0,0.0,-1.0,1.0,0.0,0.0,1.0,0.0,5.0,0.0,1.0,3.0,0.0,2025-01-21 14:32:02.553089,0.0,0.850000023841858,0.0,2025-01-21 05:06:14.525549,3720.0,120.078542947769,6480.0,11400.0,12300.0,1642.49251365662,3.0,,,
297.0,6.0,1.0,0.0,0.0,0.0,0.0,1.0,2.0,0.0,0.0,-1.0,0.0,0.0,0.0,1.0,0.0,1.0,0.0,1.0,0.0,0.0,2025-01-22 11:01:43.198718,0.0,0.889999985694885,0.0,2025-01-22 02:06:29.681780,0.0,0.0,6180.0,15420.0,10500.0,0.0,3.0,,,
298.0,6.0,21.0,0.0,0.0,0.0,1.0,0.0,6.0,0.0,0.0,-1.0,1.0,0.0,0.0,1.0,0.0,5.0,0.0,1.0,4.0,0.0,2025-01-23 11:26:36.694283,0.0,0.439999997615814,0.0,2025-01-23 06:49:06.773844,4140.0,695.28694999218,1800.0,7200.0,3540.0,1625.48084247112,3.0,2.0,,
299.0,6.0,32.0,0.0,0.0,0.0,1.0,0.0,8.0,0.0,0.0,-1.0,1.0,0.0,0.0,1.0,0.0,5.0,0.0,1.0,3.0,0.0,2025-01-24 11:01:32.748885,0.0,0.779999971389771,0.0,2025-01-24 03:38:17.290731,5040.0,990.121999025345,4920.0,10260.0,6360.0,414.813988804817,3.0,6908953.0,,
300.0,6.0,38.0,0.0,0.0,0.0,1.0,0.0,16.0,0.0,0.0,-1.0,1.0,0.0,0.0,1.0,0.0,5.0,0.0,1.0,3.0,0.0,2025-01-25 15:25:02.977383,0.0,0.689999997615814,0.0,2025-01-25 06:29:30.281833,7980.0,601.796493053436,3600.0,12960.0,7620.0,1023.70729911327,3.0,9077.0,,
301.0,6.0,37.0,0.0,0.0,0.0,1.0,0.0,12.0,0.0,0.0,-1.0,1.0,0.0,0.0,1.0,0.0,5.0,0.0,1.0,0.0,0.0,2025-01-26 16:20:28.755532,0.0,0.720000028610229,0.0,2025-01-26 07:26:45.939995,6000.0,327.391141057014,2400.0,12600.0,10980.0,3076.3023198843,3.0,179.0,,
302.0,6.0,41.0,0.0,0.0,0.0,1.0,0.0,18.0,0.0,0.0,-1.0,5.0,0.0,0.0,1.0,0.0,5.0,0.0,1.0,1.0,0.0,2025-01-27 15:25:23.897635,0.0,0.620000004768372,0.0,2025-01-27 05:43:09.288115,8760.0,622.535447001457,4080.0,13620.0,8460.0,1182.48232400417,3.0,71555.0,,
303.0,6.0,1.0,0.0,0.0,0.0,0.0,1.0,2.0,0.0,1.0,-1.0,1.0,0.0,0.0,0.0,0.0,1.0,0.0,1.0,0.0,0.0,2025-01-27 21:52:28.584993,0.0,0.629999995231628,0.0,2025-01-27 20:36:21.584993,1140.0,0.0,300.0,2220.0,900.0,0.0,3.0,2.0,,
304.0,6.0,10.0,0.0,0.0,0.0,1.0,0.0,0.0,0.0,1.0,-1.0,0.0,0.0,0.0,1.0,0.0,5.0,0.0,1.0,0.0,0.0,2025-01-28 06:37:48.386860,0.0,0.0,0.0,2025-01-28 04:22:48.735819,8100.0,0.0,0.0,0.0,0.0,0.0,3.0,,759739068.38686,759730968.735819
305.0,6.0,19.0,0.0,0.0,0.0,1.0,0.0,6.0,0.0,0.0,-1.0,2.0,0.0,0.0,1.0,0.0,5.0,0.0,1.0,3.0,0.0,2025-01-28 11:27:42.665946,0.0,0.46000000834465,0.0,2025-01-28 07:27:10.571818,3720.0,761.374547958374,2640.0,5460.0,2640.0,1134.2611066103,3.0,1.0,,
308.0,6.0,1.0,0.0,0.0,0.0,0.0,1.0,4.0,0.0,0.0,-1.0,1.0,0.0,0.0,1.0,0.0,1.0,0.0,1.0,0.0,0.0,2025-01-29 11:00:35.312504,0.0,0.699999988079071,0.0,2025-01-29 06:05:44.427968,1080.0,0.0,5820.0,4980.0,5820.0,0.0,3.0,10190869.0,,
309.0,6.0,42.0,0.0,0.0,0.0,1.0,0.0,10.0,0.0,0.0,-1.0,2.0,0.0,0.0,1.0,0.0,5.0,0.0,1.0,1.0,0.0,2025-01-30 14:24:44.679198,0.0,0.730000019073486,0.0,2025-01-30 04:31:32.395237,6120.0,583.31765794754,3360.0,16440.0,9660.0,1019.30006110668,3.0,,,
310.0,6.0,1.0,0.0,0.0,0.0,0.0,1.0,0.0,0.0,1.0,-1.0,0.0,0.0,0.0,0.0,0.0,1.0,0.0,1.0,0.0,0.0,2025-01-30 23:15:41.333028,0.0,0.730000019073486,0.0,2025-01-30 22:37:32.706350,0.0,0.0,0.0,2280.0,0.0,0.0,3.0,,,
323.0,6.0,1.0,0.0,0.0,0.0,0.0,1.0,10.0,0.0,0.0,-1.0,2.0,0.0,0.0,1.0,0.0,1.0,0.0,1.0,0.0,0.0,2025-01-31 12:41:15.912174,0.0,0.800000011920929,0.0,2025-01-31 04:51:55.280599,3480.0,0.0,9000.0,11220.0,4440.0,0.0,3.0,,,
324.0,6.0,35.0,0.0,0.0,0.0,1.0,0.0,4.0,0.0,0.0,-1.0,2.0,0.0,0.0,1.0,0.0,5.0,0.0,1.0,0.0,0.0,2025-02-01 15:51:49.135795,0.0,0.790000021457672,0.0,2025-02-01 07:36:16.574137,2760.0,407.771499991417,2640.0,14820.0,9480.0,660.825259327888,3.0,,,
325.0,6.0,26.0,0.0,0.0,0.0,1.0,0.0,8.0,0.0,0.0,-1.0,1.0,0.0,0.0,1.0,0.0,5.0,0.0,1.0,4.0,0.0,2025-02-02 12:17:50.549334,0.0,0.529999971389771,0.0,2025-02-02 06:32:22.049647,4620.0,1863.78565001488,4320.0,5040.0,6720.0,997.595010042191,3.0,822.0,,
326.0,6.0,7.0,0.0,0.0,0.0,1.0,0.0,8.0,0.0,1.0,-1.0,0.0,0.0,0.0,1.0,0.0,5.0,0.0,1.0,0.0,0.0,2025-02-03 05:41:07.666452,0.0,0.0,0.0,2025-02-03 04:26:03.545543,4500.0,0.0,0.0,0.0,0.0,0.0,3.0,90.0,,
327.0,6.0,1.0,0.0,0.0,0.0,0.0,1.0,6.0,0.0,1.0,-1.0,1.0,0.0,0.0,1.0,0.0,1.0,0.0,1.0,0.0,0.0,2025-02-03 10:49:23.698374,0.0,0.670000016689301,0.0,2025-02-03 08:51:45.698374,2640.0,0.0,2040.0,1740.0,600.0,0.0,3.0,4.0,,
331.0,6.0,1.0,0.0,0.0,0.0,0.0,1.0,8.0,0.0,0.0,-1.0,2.0,0.0,0.0,0.0,0.0,1.0,0.0,1.0,0.0,0.0,2025-02-03 18:01:14.952395,0.0,0.699999988079071,0.0,2025-02-03 11:50:42.823374,3600.0,0.0,4440.0,10740.0,3480.0,0.0,3.0,38.0,,
332.0,6.0,1.0,0.0,0.0,0.0,0.0,1.0,0.0,0.0,1.0,-1.0,0.0,0.0,0.0,0.0,0.0,1.0,0.0,1.0,0.0,0.0,2025-02-04 01:56:59.572791,0.0,0.810000002384186,0.0,2025-02-04 01:22:09.572791,0.0,0.0,1440.0,660.0,0.0,0.0,3.0,5.0,,
333.0,6.0,9.0,0.0,0.0,0.0,1.0,0.0,42.0,0.0,1.0,-1.0,3.0,0.0,0.0,1.0,0.0,5.0,0.0,1.0,0.0,0.0,2025-02-04 19:01:59.406330,0.0,0.409999996423721,0.0,2025-02-04 05:11:12.873032,11640.0,0.0,5340.0,20220.0,12600.0,1215.79320168495,3.0,,,
335.0,6.0,30.0,0.0,0.0,0.0,1.0,0.0,6.0,0.0,0.0,-1.0,1.0,0.0,0.0,1.0,0.0,5.0,0.0,1.0,0.0,0.0,2025-02-05 12:35:30.000517,0.0,0.839999973773956,0.0,2025-02-05 04:01:45.591650,2340.0,0.0,3960.0,11580.0,12960.0,1881.53283810616,3.0,421.0,760446104.950229,760420905.59165
336.0,6.0,41.0,0.0,0.0,0.0,1.0,0.0,6.0,0.0,0.0,-1.0,3.0,0.0,0.0,1.0,0.0,5.0,0.0,1.0,1.0,0.0,2025-02-06 13:34:47.684287,0.0,0.790000021457672,0.0,2025-02-06 03:54:06.193431,6600.0,286.269170045853,6360.0,10680.0,11160.0,1408.92382848263,3.0,,,
338.0,6.0,1.0,0.0,0.0,0.0,0.0,1.0,0.0,0.0,1.0,-1.0,0.0,0.0,0.0,0.0,0.0,1.0,0.0,1.0,0.0,0.0,2025-02-06 16:14:08.915182,0.0,0.829999983310699,0.0,2025-02-06 15:38:44.288504,0.0,0.0,1140.0,960.0,0.0,0.0,3.0,1.0,,
339.0,6.0,14.0,0.0,0.0,0.0,1.0,0.0,0.0,0.0,1.0,-1.0,2.0,0.0,0.0,0.0,0.0,5.0,0.0,0.0,0.0,0.0,2025-02-07 10:58:32.039053,0.0,0.689999997615814,0.0,2025-02-07 07:28:32.483918,3600.0,-7.03334808349609,1800.0,6300.0,900.0,1800.00031709671,3.0,2710.0,,
340.0,6.0,1.0,0.0,0.0,0.0,0.0,1.0,2.0,0.0,1.0,-1.0,0.0,0.0,0.0,0.0,0.0,1.0,0.0,1.0,0.0,0.0,2025-02-09 00:57:30.614165,0.0,0.850000023841858,0.0,2025-02-09 00:22:19.614165,0.0,0.0,300.0,1500.0,300.0,0.0,3.0,8.0,,
351.0,6.0,1.0,0.0,0.0,0.0,0.0,1.0,0.0,0.0,0.0,-1.0,0.0,0.0,0.0,1.0,0.0,1.0,0.0,1.0,0.0,0.0,2025-02-09 11:10:51.009834,0.0,0.930000007152557,0.0,2025-02-09 04:23:28.988531,0.0,0.0,5820.0,11400.0,7260.0,0.0,3.0,5.0,,
352.0,6.0,34.0,0.0,0.0,0.0,1.0,0.0,4.0,0.0,0.0,-1.0,1.0,0.0,0.0,1.0,0.0,5.0,0.0,1.0,0.0,0.0,2025-02-10 15:26:23.793950,0.0,0.910000026226044,0.0,2025-02-10 07:14:12.099042,2580.0,682.355489969254,7320.0,10500.0,9180.0,168.145968914032,3.0,,,
353.0,6.0,38.0,0.0,0.0,0.0,1.0,0.0,12.0,0.0,0.0,-1.0,1.0,0.0,0.0,1.0,0.0,5.0,0.0,1.0,0.0,0.0,2025-02-11 14:26:27.849181,0.0,0.829999983310699,0.0,2025-02-11 05:11:41.660749,6480.0,686.457769989967,6000.0,10260.0,10560.0,3045.44836425781,3.0,,,
354.0,6.0,38.0,0.0,0.0,0.0,1.0,0.0,0.0,0.0,1.0,-1.0,2.0,0.0,0.0,0.0,0.0,5.0,0.0,0.0,0.0,0.0,2025-02-12 15:10:15.085793,0.0,0.430000007152557,0.0,2025-02-12 05:40:15.875919,10800.0,-7.03334808349609,9900.0,9900.0,3600.0,6300.00057804585,3.0,3168265.0,,
355.0,6.0,24.0,0.0,0.0,0.0,1.0,0.0,10.0,0.0,0.0,-1.0,1.0,0.0,0.0,1.0,0.0,5.0,0.0,1.0,0.0,0.0,2025-02-13 13:08:29.480683,0.0,0.349999994039536,0.0,2025-02-13 07:40:15.696985,5520.0,508.18542599678,1140.0,7740.0,5280.0,1212.92421102524,3.0,9.0,,
356.0,6.0,26.0,0.0,0.0,0.0,1.0,0.0,0.0,0.0,0.0,-1.0,0.0,0.0,0.0,1.0,0.0,5.0,0.0,1.0,0.0,0.0,2025-02-14 14:12:12.483712,0.0,0.670000016689301,0.0,2025-02-14 07:57:13.191874,2820.0,711.096017837524,5160.0,3480.0,11040.0,2116.57081997395,3.0,984705.0,761235132.483712,761212633.191874
358.0,6.0,1.0,0.0,0.0,0.0,0.0,1.0,2.0,0.0,1.0,-1.0,1.0,0.0,0.0,0.0,0.0,1.0,0.0,1.0,0.0,0.0,2025-02-14 18:11:05.137406,0.0,0.850000023841858,0.0,2025-02-14 16:48:55.401729,660.0,0.0,1380.0,2280.0,600.0,0.0,3.0,359941.0,,
359.0,6.0,22.0,0.0,0.0,0.0,1.0,0.0,32.0,0.0,0.0,-1.0,1.0,0.0,0.0,1.0,0.0,5.0,0.0,1.0,0.0,0.0,2025-02-16 13:57:17.657701,0.0,0.730000019073486,0.0,2025-02-16 05:08:43.172951,6660.0,0.0,3840.0,14220.0,7020.0,519.360405802727,3.0,565.0,,
361.0,6.0,47.0,0.0,0.0,0.0,1.0,0.0,22.0,0.0,0.0,-1.0,3.0,0.0,0.0,0.0,0.0,5.0,0.0,1.0,3.0,0.0,2025-02-17 16:49:41.734309,0.0,0.540000021457672,0.0,2025-02-17 04:08:01.024809,26040.0,20981.7343089581,3660.0,8280.0,7740.0,0.0,3.0,,761503781.734309,761464854.240406
363.0,6.0,38.0,0.0,0.0,0.0,1.0,0.0,32.0,0.0,0.0,-1.0,1.0,0.0,0.0,1.0,0.0,5.0,0.0,1.0,3.0,0.0,2025-02-18 12:39:52.453142,0.0,0.430000007152557,0.0,2025-02-18 03:54:32.226864,15300.0,591.14454305172,1800.0,8040.0,6360.0,13863.2105807066,3.0,,,
365.0,6.0,1.0,0.0,0.0,0.0,0.0,1.0,6.0,0.0,1.0,-1.0,2.0,0.0,0.0,1.0,0.0,1.0,0.0,1.0,0.0,0.0,2025-02-18 16:17:01.743629,0.0,0.629999995231628,0.0,2025-02-18 14:16:29.493629,2400.0,0.0,480.0,3780.0,600.0,0.0,3.0,,,
366.0,6.0,35.0,0.0,0.0,0.0,1.0,0.0,8.0,0.0,0.0,-1.0,0.0,0.0,0.0,1.0,0.0,5.0,0.0,1.0,3.0,0.0,2025-02-19 12:00:48.122831,0.0,0.850000023841858,0.0,2025-02-19 03:54:37.985072,4020.0,2670.11046886444,10380.0,8220.0,6540.0,1342.58015930653,3.0,6.0,,
367.0,6.0,33.0,0.0,0.0,0.0,1.0,0.0,16.0,0.0,0.0,-1.0,2.0,0.0,0.0,1.0,0.0,5.0,0.0,1.0,3.0,0.0,2025-02-20 13:33:12.674861,0.0,0.579999983310699,0.0,2025-02-20 05:53:14.412403,8100.0,1971.70596623421,3000.0,9420.0,7020.0,1674.62766480446,3.0,,,
368.0,6.0,34.0,0.0,0.0,0.0,1.0,0.0,0.0,0.0,1.0,-1.0,0.0,0.0,0.0,0.0,0.0,5.0,0.0,0.0,0.0,0.0,2025-02-21 12:14:54.588754,0.0,0.529999971389771,0.0,2025-02-21 03:44:55.327587,900.0,-3.79085540771484,22500.0,6300.0,900.0,900.000272035599,3.0,76.0,,
377.0,6.0,1.0,0.0,0.0,0.0,0.0,1.0,4.0,0.0,0.0,-1.0,1.0,0.0,0.0,0.0,0.0,1.0,0.0,1.0,0.0,0.0,2025-02-22 10:02:39.735056,0.0,0.879999995231628,0.0,2025-02-22 04:02:13.864128,840.0,0.0,9600.0,6120.0,5100.0,0.0,3.0,,,
378.0,6.0,1.0,0.0,0.0,0.0,0.0,1.0,4.0,0.0,0.0,-1.0,2.0,0.0,0.0,0.0,0.0,1.0,0.0,1.0,0.0,0.0,2025-02-23 16:10:49.521083,0.0,0.810000002384186,0.0,2025-02-23 06:46:27.087391,1800.0,0.0,4440.0,14460.0,13140.0,0.0,3.0,3.0,,
379.0,6.0,22.0,0.0,0.0,0.0,1.0,0.0,8.0,0.0,0.0,-1.0,0.0,0.0,0.0,1.0,0.0,5.0,0.0,1.0,3.0,0.0,2025-02-24 11:48:08.410692,0.0,0.419999986886978,0.0,2025-02-24 06:57:19.635765,3840.0,814.742256045341,1680.0,8340.0,3540.0,3046.96146869659,3.0,0.0,,
380.0,6.0,47.0,0.0,0.0,0.0,1.0,0.0,0.0,0.0,0.0,-1.0,2.0,0.0,0.0,1.0,0.0,5.0,0.0,1.0,0.0,0.0,2025-02-25 14:11:10.024707,0.0,0.839999973773956,0.0,2025-02-25 02:53:56.853234,6780.0,0.0,8160.0,15060.0,10620.0,4064.98382282257,3.0,38368.0,762185470.024707,762144836.853234
381.0,6.0,29.0,0.0,0.0,0.0,1.0,0.0,18.0,0.0,0.0,-1.0,3.0,0.0,0.0,1.0,0.0,5.0,0.0,1.0,3.0,0.0,2025-02-26 11:19:39.857500,0.0,0.370000004768372,0.0,2025-02-26 04:40:30.832610,8400.0,1967.92387831211,2880.0,8460.0,4200.0,3140.44168162346,3.0,,,
382.0,6.0,52.0,0.0,0.0,0.0,1.0,0.0,20.0,0.0,0.0,-1.0,2.0,0.0,0.0,1.0,0.0,5.0,0.0,1.0,0.0,0.0,2025-02-27 14:58:20.115065,0.0,0.769999980926514,0.0,2025-02-27 02:23:40.603454,10260.0,798.73079097271,6540.0,15060.0,13440.0,3417.16044270992,3.0,,,
383.0,6.0,47.0,0.0,0.0,0.0,1.0,0.0,24.0,0.0,0.0,-1.0,2.0,0.0,0.0,1.0,0.0,5.0,0.0,1.0,0.0,0.0,2025-02-28 15:33:55.368053,0.0,0.670000016689301,0.0,2025-02-28 04:14:48.819588,11280.0,233.946336984634,4200.0,15540.0,9720.0,7321.62506020069,3.0,,,
384.0,6.0,32.0,0.0,0.0,0.0,1.0,0.0,20.0,0.0,0.0,-1.0,2.0,0.0,0.0,1.0,0.0,5.0,0.0,1.0,3.0,0.0,2025-03-01 11:34:51.722689,0.0,0.430000007152557,0.0,2025-03-01 04:09:12.027505,9300.0,984.298645138741,840.0,9180.0,7380.0,3961.72646200657,3.0,,,
385.0,6.0,1.0,0.0,0.0,0.0,0.0,1.0,12.0,0.0,1.0,-1.0,1.0,0.0,0.0,0.0,0.0,1.0,0.0,1.0,0.0,0.0,2025-03-01 17:00:50.872829,0.0,0.490000009536743,0.0,2025-03-01 14:30:34.513789,3840.0,0.0,0.0,5220.0,0.0,0.0,3.0,3.0,,
386.0,6.0,31.0,0.0,0.0,0.0,1.0,0.0,10.0,0.0,0.0,-1.0,3.0,0.0,0.0,1.0,0.0,5.0,0.0,1.0,0.0,0.0,2025-03-02 17:36:17.975669,0.0,0.75,0.0,2025-03-02 07:26:57.757448,8880.0,376.751814961433,5640.0,11700.0,10320.0,274.089927196503,3.0,2.0,,
387.0,6.0,31.0,0.0,0.0,0.0,1.0,0.0,0.0,0.0,0.0,-1.0,0.0,0.0,0.0,1.0,0.0,5.0,0.0,1.0,0.0,0.0,2025-03-03 12:07:56.161370,0.0,0.490000009536743,0.0,2025-03-03 04:37:56.809371,9780.0,2937.25289571285,3300.0,8640.0,5280.0,6822.47022533417,3.0,8.0,762696476.16137,762669476.809371
390.0,6.0,1.0,0.0,0.0,0.0,0.0,1.0,2.0,0.0,0.0,-1.0,1.0,0.0,0.0,0.0,0.0,1.0,0.0,1.0,0.0,0.0,2025-03-03 16:57:47.282661,0.0,0.629999995231628,0.0,2025-03-03 13:49:21.548328,660.0,0.0,3060.0,4740.0,2820.0,0.0,3.0,,,
391.0,6.0,47.0,0.0,0.0,0.0,1.0,0.0,16.0,0.0,0.0,-1.0,2.0,0.0,0.0,1.0,0.0,5.0,0.0,1.0,0.0,0.0,2025-03-04 14:56:27.070239,0.0,0.720000028610229,0.0,2025-03-04 03:35:25.130414,8760.0,1380.49878263474,5160.0,15900.0,11040.0,4244.10329520702,3.0,4.0,,
392.0,6.0,33.0,0.0,0.0,0.0,1.0,0.0,10.0,0.0,0.0,-1.0,1.0,0.0,0.0,1.0,0.0,5.0,0.0,1.0,3.0,0.0,2025-03-05 12:34:22.167325,0.0,0.730000019073486,0.0,2025-03-05 05:03:48.819998,5580.0,1685.5059325695,6300.0,6300.0,8880.0,1072.27382850647,3.0,2932.0,,
393.0,6.0,32.0,0.0,0.0,0.0,1.0,0.0,18.0,0.0,0.0,-1.0,0.0,0.0,0.0,1.0,0.0,5.0,0.0,1.0,0.0,0.0,2025-03-06 15:22:02.689966,0.0,0.529999971389771,0.0,2025-03-06 07:37:03.310156,8880.0,239.393671989441,1680.0,10260.0,7800.0,8633.03253948689,3.0,55.0,,
394.0,6.0,25.0,0.0,0.0,0.0,1.0,0.0,12.0,0.0,0.0,-1.0,0.0,0.0,0.0,1.0,0.0,5.0,0.0,1.0,4.0,0.0,2025-03-07 11:04:18.557046,0.0,0.370000004768372,0.0,2025-03-07 05:22:23.183607,6420.0,255.554317951202,3240.0,3660.0,7200.0,6138.08787417412,3.0,7.0,,
395.0,6.0,1.0,0.0,0.0,0.0,0.0,1.0,0.0,0.0,1.0,-1.0,0.0,0.0,0.0,1.0,0.0,1.0,0.0,1.0,0.0,0.0,2025-03-07 19:40:54.260455,0.0,0.810000002384186,0.0,2025-03-07 18:19:26.510455,0.0,0.0,600.0,2760.0,1560.0,0.0,3.0,8.0,,
396.0,6.0,25.0,0.0,0.0,0.0,1.0,0.0,0.0,0.0,0.0,-1.0,1.0,0.0,0.0,1.0,0.0,5.0,0.0,1.0,0.0,0.0,2025-03-08 11:54:14.161775,0.0,0.46000000834465,0.0,2025-03-08 06:37:41.947507,3900.0,507.715223908424,1800.0,5100.0,8220.0,1647.00090265274,3.0,91.0,763127654.161775,763108661.947507
397.0,6.0,42.0,0.0,0.0,0.0,1.0,0.0,6.0,0.0,0.0,-1.0,1.0,0.0,0.0,1.0,0.0,5.0,0.0,1.0,0.0,0.0,2025-03-09 12:55:02.528599,0.0,0.810000002384186,0.0,2025-03-09 02:53:47.020800,3780.0,601.063606023788,5400.0,12600.0,14280.0,1296.81157124043,3.0,,,
398.0,6.0,44.0,0.0,0.0,0.0,1.0,0.0,14.0,0.0,0.0,-1.0,2.0,0.0,0.0,1.0,0.0,5.0,0.0,1.0,0.0,0.0,2025-03-10 13:51:26.456713,0.0,0.829999983310699,0.0,2025-03-10 03:16:43.256611,7200.0,385.128137946129,7140.0,12300.0,11400.0,4578.81278669834,3.0,8.0,,
399.0,6.0,44.0,0.0,0.0,0.0,1.0,0.0,28.0,0.0,0.0,-1.0,3.0,0.0,0.0,1.0,0.0,5.0,0.0,1.0,0.0,0.0,2025-03-11 14:18:36.222912,0.0,0.629999995231628,0.0,2025-03-11 03:43:18.749949,13080.0,214.826439023018,4140.0,11220.0,9720.0,1964.69807291031,3.0,,,
400.0,6.0,29.0,0.0,0.0,0.0,1.0,0.0,0.0,0.0,1.0,-1.0,0.0,0.0,0.0,0.0,0.0,5.0,0.0,0.0,0.0,0.0,2025-03-12 09:47:23.857690,0.0,0.620000004768372,0.0,2025-03-12 02:32:24.501145,900.0,-4.05311584472656,14400.0,9900.0,900.0,900.000419974327,3.0,566968.0,,
401.0,6.0,43.0,0.0,0.0,0.0,1.0,0.0,18.0,0.0,0.0,-1.0,1.0,0.0,0.0,1.0,0.0,5.0,0.0,1.0,0.0,0.0,2025-03-13 14:35:54.572537,0.0,0.75,0.0,2025-03-13 04:09:43.066749,8760.0,353.221019983292,5160.0,11940.0,11700.0,6669.73610115051,3.0,5.0,,
402.0,6.0,33.0,0.0,0.0,0.0,1.0,0.0,16.0,0.0,0.0,-1.0,2.0,0.0,0.0,1.0,0.0,5.0,0.0,1.0,0.0,0.0,2025-03-14 10:34:58.569255,0.0,0.569999992847443,0.0,2025-03-14 02:44:46.598122,7800.0,297.182600975037,780.0,10920.0,8760.0,4698.35547029972,3.0,533.0,,
403.0,6.0,31.0,0.0,0.0,0.0,1.0,0.0,8.0,0.0,0.0,-1.0,2.0,0.0,0.0,1.0,0.0,5.0,0.0,1.0,0.0,0.0,2025-03-15 11:14:16.684090,0.0,0.689999997615814,0.0,2025-03-15 03:49:44.843394,5160.0,855.032873034477,1920.0,13080.0,6540.0,752.385003447533,3.0,,,
404.0,6.0,3.0,0.0,0.0,0.0,1.0,0.0,0.0,0.0,1.0,-1.0,0.0,0.0,0.0,1.0,0.0,5.0,0.0,1.0,0.0,0.0,2025-03-16 04:06:25.958990,0.0,0.0,0.0,2025-03-16 03:45:16.345449,1260.0,0.0,0.0,0.0,0.0,0.0,3.0,4.0,,
405.0,6.0,21.0,0.0,0.0,0.0,1.0,0.0,8.0,0.0,0.0,-1.0,1.0,0.0,0.0,1.0,0.0,5.0,0.0,1.0,0.0,0.0,2025-03-16 09:29:00.431994,0.0,0.419999986886978,0.0,2025-03-16 04:29:00.922505,4140.0,151.407107949257,1920.0,7320.0,4860.0,2784.16213750839,3.0,79.0,,
407.0,6.0,1.0,0.0,0.0,0.0,0.0,1.0,6.0,0.0,1.0,-1.0,1.0,0.0,0.0,0.0,0.0,1.0,0.0,1.0,0.0,0.0,2025-03-16 16:33:04.345082,0.0,0.75,0.0,2025-03-16 14:35:42.845082,1680.0,0.0,1500.0,3240.0,600.0,0.0,3.0,7.0,,
408.0,6.0,29.0,0.0,0.0,0.0,1.0,0.0,0.0,0.0,1.0,-1.0,4.0,0.0,0.0,0.0,0.0,5.0,0.0,0.0,0.0,0.0,2025-03-17 10:42:38.279285,0.0,0.370000004768372,0.0,2025-03-17 03:27:39.719217,9000.0,-0.00645601749420166,8100.0,8100.0,900.0,2700.0003080368,3.0,5.0,,
409.0,6.0,1.0,0.0,0.0,0.0,0.0,1.0,4.0,0.0,1.0,-1.0,2.0,0.0,0.0,0.0,0.0,1.0,0.0,1.0,0.0,0.0,2025-03-17 02:27:27.968349,0.0,0.680000007152557,0.0,2025-03-17 00:05:19.218349,1740.0,0.0,900.0,3480.0,2400.0,0.0,3.0,,,
410.0,6.0,18.0,0.0,0.0,0.0,1.0,0.0,0.0,0.0,1.0,-1.0,0.0,0.0,0.0,0.0,0.0,5.0,0.0,0.0,0.0,0.0,2025-03-18 09:25:15.961740,0.0,0.589999973773956,0.0,2025-03-18 04:55:16.506067,900.0,-5.96046447753906,9000.0,5400.0,900.0,900.000270962715,3.0,41.0,,
411.0,6.0,45.0,0.0,0.0,0.0,1.0,0.0,20.0,0.0,0.0,-1.0,3.0,0.0,0.0,1.0,0.0,5.0,0.0,1.0,0.0,0.0,2025-03-20 12:55:31.756027,0.0,0.670000016689301,0.0,2025-03-20 01:59:05.406249,10020.0,630.326161026955,4860.0,13020.0,11580.0,1048.98469424248,3.0,3.0,,
412.0,6.0,38.0,0.0,0.0,0.0,1.0,0.0,18.0,0.0,0.0,-1.0,3.0,0.0,0.0,1.0,0.0,5.0,0.0,1.0,0.0,0.0,2025-03-21 11:12:00.311245,0.0,0.579999983310699,0.0,2025-03-21 02:09:49.825394,8640.0,718.868764042854,1800.0,10800.0,11280.0,331.682743787766,3.0,9.0,,
413.0,6.0,37.0,0.0,0.0,0.0,1.0,0.0,14.0,0.0,0.0,-1.0,1.0,0.0,0.0,1.0,0.0,5.0,0.0,1.0,1.0,0.0,2025-03-22 15:03:08.547384,0.0,0.699999988079071,0.0,2025-03-22 06:20:17.801243,7320.0,187.124346017838,3540.0,11220.0,9240.0,3434.03580617905,3.0,,,
421.0,6.0,1.0,0.0,0.0,0.0,0.0,1.0,8.0,0.0,0.0,-1.0,3.0,0.0,0.0,1.0,0.0,1.0,0.0,1.0,0.0,0.0,2025-03-23 11:55:28.860187,0.0,0.629999995231628,0.0,2025-03-23 06:05:50.485187,3600.0,0.0,3900.0,8040.0,5460.0,0.0,3.0,,,
422.0,6.0,42.0,0.0,0.0,0.0,1.0,0.0,14.0,0.0,0.0,-1.0,1.0,0.0,0.0,1.0,0.0,5.0,0.0,1.0,1.0,0.0,2025-03-24 14:29:28.215810,0.0,0.720000028610229,0.0,2025-03-24 04:33:48.982993,8040.0,2461.24612724781,4140.0,12720.0,10860.0,4448.9994790554,3.0,,,
423.0,6.0,43.0,0.0,0.0,0.0,1.0,0.0,14.0,0.0,0.0,-1.0,2.0,0.0,0.0,1.0,0.0,5.0,0.0,1.0,0.0,0.0,2025-03-25 14:25:44.077889,0.0,0.730000019073486,0.0,2025-03-25 03:59:57.568496,6840.0,642.729882001877,4140.0,15480.0,11160.0,3633.41178417206,3.0,4.0,,
424.0,6.0,44.0,0.0,0.0,0.0,1.0,0.0,0.0,0.0,0.0,-1.0,0.0,0.0,0.0,1.0,0.0,5.0,0.0,1.0,0.0,0.0,2025-03-26 14:57:43.025365,0.0,0.0,0.0,2025-03-26 04:16:23.479656,38460.0,0.0,0.0,0.0,0.0,0.0,3.0,,,
425.0,6.0,1.0,0.0,0.0,0.0,0.0,1.0,0.0,0.0,1.0,-1.0,0.0,0.0,0.0,0.0,0.0,1.0,0.0,1.0,0.0,0.0,2025-03-26 23:55:12.973229,0.0,0.839999973773956,0.0,2025-03-26 23:22:56.973229,0.0,0.0,1200.0,720.0,0.0,0.0,3.0,,,
426.0,6.0,26.0,0.0,0.0,0.0,1.0,0.0,0.0,0.0,0.0,-1.0,0.0,0.0,0.0,1.0,0.0,5.0,0.0,1.0,0.0,0.0,2025-03-27 10:23:59.878642,0.0,0.860000014305115,0.0,2025-03-27 04:12:41.131062,840.0,538.486385941505,6900.0,6720.0,7860.0,307.069635033607,3.0,42839.0,,
433.0,6.0,1.0,0.0,0.0,0.0,0.0,1.0,2.0,0.0,1.0,-1.0,0.0,0.0,0.0,1.0,0.0,1.0,0.0,1.0,0.0,0.0,2025-03-27 14:15:08.930630,0.0,0.850000023841858,0.0,2025-03-27 12:20:37.555630,0.0,0.0,2880.0,2160.0,1860.0,0.0,3.0,,,
458.0,6.0,1.0,0.0,0.0,0.0,0.0,1.0,8.0,0.0,0.0,-1.0,2.0,0.0,0.0,1.0,0.0,1.0,0.0,1.0,0.0,0.0,2025-03-28 11:32:14.787641,0.0,0.850000023841858,0.0,2025-03-28 03:50:02.213394,3000.0,0.0,5820.0,10080.0,8820.0,0.0,3.0,,,
459.0,6.0,25.0,0.0,0.0,0.0,1.0,0.0,10.0,0.0,0.0,-1.0,1.0,0.0,0.0,1.0,0.0,5.0,0.0,1.0,0.0,0.0,2025-03-29 15:08:57.152962,0.0,0.479999989271164,0.0,2025-03-29 09:20:56.007801,6000.0,535.651139974594,2760.0,5460.0,6660.0,4588.82392919064,3.0,,,
460.0,6.0,1.0,0.0,0.0,0.0,0.0,1.0,2.0,0.0,1.0,-1.0,0.0,0.0,0.0,0.0,0.0,1.0,0.0,1.0,0.0,0.0,2025-03-30 02:20:11.348885,0.0,0.810000002384186,0.0,2025-03-30 01:42:31.723885,0.0,0.0,900.0,1380.0,0.0,0.0,3.0,,,
461.0,6.0,29.0,0.0,0.0,0.0,1.0,0.0,4.0,0.0,0.0,-1.0,0.0,0.0,0.0,1.0,0.0,5.0,0.0,1.0,0.0,0.0,2025-03-30 11:09:16.317568,0.0,0.810000002384186,0.0,2025-03-30 04:12:58.868702,2520.0,1235.19164443016,3840.0,8400.0,10200.0,1283.44717621803,3.0,8.0,,
462.0,6.0,31.0,0.0,0.0,0.0,1.0,0.0,0.0,0.0,0.0,-1.0,1.0,0.0,0.0,1.0,0.0,5.0,0.0,1.0,0.0,0.0,2025-03-31 12:50:21.760876,0.0,0.860000014305115,0.0,2025-03-31 05:36:51.313530,3180.0,0.0,6300.0,8760.0,7800.0,493.896678924561,3.0,,765118221.760876,765092211.31353
463.0,6.0,42.0,0.0,0.0,0.0,1.0,0.0,0.0,0.0,0.0,-1.0,2.0,0.0,0.0,1.0,0.0,5.0,0.0,1.0,0.0,0.0,2025-04-01 14:49:01.461402,0.0,0.810000002384186,0.0,2025-04-01 04:34:02.284372,4140.0,0.0,5880.0,12600.0,14340.0,2459.55097997189,3.0,11.0,765211741.461402,765174842.284372
464.0,6.0,29.0,0.0,0.0,0.0,1.0,0.0,12.0,0.0,0.0,-1.0,1.0,0.0,0.0,1.0,0.0,5.0,0.0,1.0,0.0,0.0,2025-04-03 14:26:40.655370,0.0,0.579999983310699,0.0,2025-04-03 07:29:06.934988,6480.0,699.374039053917,2040.0,8040.0,8520.0,3017.95447051525,3.0,74.0,,
465.0,6.0,27.0,0.0,0.0,0.0,1.0,0.0,0.0,0.0,1.0,-1.0,0.0,0.0,0.0,0.0,0.0,5.0,0.0,0.0,0.0,0.0,2025-04-04 11:54:57.812423,0.0,0.560000002384186,0.0,2025-04-04 05:09:58.454784,900.0,-5.96046447753906,13500.0,5400.0,4500.0,900.000393986702,3.0,,,
466.0,6.0,25.0,0.0,0.0,0.0,1.0,0.0,0.0,0.0,0.0,-1.0,0.0,0.0,0.0,1.0,0.0,5.0,0.0,1.0,4.0,0.0,2025-04-05 11:55:35.679854,0.0,0.589999973773956,0.0,2025-04-05 06:36:58.555299,2040.0,1529.05571389198,5640.0,3300.0,8220.0,490.317369222641,3.0,,765546935.679854,765527818.555299
467.0,6.0,30.0,0.0,0.0,0.0,1.0,0.0,6.0,0.0,0.0,-1.0,1.0,0.0,0.0,1.0,0.0,5.0,0.0,1.0,0.0,0.0,2025-04-07 10:30:52.897450,0.0,0.790000021457672,0.0,2025-04-07 03:31:29.726706,3900.0,1687.2807598114,5640.0,8160.0,7440.0,1047.48352861404,3.0,767.0,,
469.0,6.0,1.0,0.0,0.0,0.0,0.0,1.0,2.0,0.0,1.0,-1.0,0.0,0.0,0.0,0.0,0.0,1.0,0.0,1.0,0.0,0.0,2025-04-07 23:34:06.480111,0.0,0.879999995231628,0.0,2025-04-07 22:00:10.746072,0.0,0.0,1740.0,2220.0,1740.0,0.0,3.0,4.0,,
470.0,6.0,34.0,0.0,0.0,0.0,1.0,0.0,14.0,0.0,0.0,-1.0,3.0,0.0,0.0,0.0,0.0,5.0,0.0,1.0,0.0,0.0,2025-04-08 10:45:01.426847,0.0,0.75,0.0,2025-04-08 00:03:54.355111,7920.0,1742.6170706749,7680.0,13980.0,8880.0,0.0,3.0,363438.0,,
471.0,6.0,1.0,0.0,0.0,0.0,0.0,1.0,0.0,0.0,1.0,-1.0,0.0,0.0,0.0,0.0,0.0,1.0,0.0,1.0,0.0,0.0,2025-04-08 16:11:43.796920,0.0,0.899999976158142,0.0,2025-04-08 15:07:27.920242,0.0,0.0,1620.0,1560.0,660.0,0.0,3.0,,,
472.0,6.0,44.0,0.0,0.0,0.0,1.0,0.0,20.0,0.0,0.0,-1.0,2.0,0.0,0.0,1.0,0.0,5.0,0.0,1.0,0.0,0.0,2025-04-09 12:05:30.416710,0.0,0.720000028610229,0.0,2025-04-09 01:40:28.610853,12840.0,329.101178050041,6480.0,8820.0,9420.0,285.049617052078,3.0,78.0,,
473.0,6.0,33.0,0.0,0.0,0.0,1.0,0.0,4.0,0.0,0.0,-1.0,1.0,0.0,0.0,1.0,0.0,5.0,0.0,1.0,0.0,0.0,2025-04-10 10:19:35.106818,0.0,0.850000023841858,0.0,2025-04-10 02:23:40.770890,2400.0,900.528869628906,4800.0,11940.0,9420.0,668.798303842545,3.0,,,
474.0,6.0,28.0,0.0,0.0,0.0,1.0,0.0,0.0,0.0,0.0,-1.0,1.0,0.0,0.0,1.0,0.0,5.0,0.0,1.0,0.0,0.0,2025-04-11 09:57:00.291093,0.0,0.400000005960464,0.0,2025-04-11 03:12:00.829931,8760.0,0.0,4380.0,4080.0,7140.0,7427.9757860899,3.0,87.0,766058220.291093,766033920.829931
475.0,6.0,34.0,0.0,0.0,0.0,1.0,0.0,8.0,0.0,0.0,-1.0,1.0,0.0,0.0,1.0,0.0,5.0,0.0,1.0,0.0,0.0,2025-04-12 11:15:00.644278,0.0,0.810000002384186,0.0,2025-04-12 02:57:25.625413,3180.0,1831.82260298729,9960.0,7980.0,9720.0,1134.25474762917,3.0,,,
476.0,6.0,34.0,0.0,0.0,0.0,1.0,0.0,4.0,0.0,0.0,-1.0,1.0,0.0,0.0,1.0,0.0,5.0,0.0,1.0,0.0,0.0,2025-04-13 13:37:40.969498,0.0,0.810000002384186,0.0,2025-04-13 05:27:50.236520,2700.0,459.519513964653,10680.0,6540.0,9480.0,286.018285155296,3.0,194138.0,,
477.0,6.0,18.0,0.0,0.0,0.0,1.0,0.0,4.0,0.0,0.0,-1.0,0.0,0.0,0.0,1.0,0.0,5.0,0.0,1.0,1.0,0.0,2025-04-14 10:54:04.688291,0.0,0.529999971389771,0.0,2025-04-14 06:57:29.892816,2220.0,1081.51769971848,2760.0,4560.0,4620.0,1158.25416433811,3.0,,,
478.0,6.0,30.0,0.0,0.0,0.0,1.0,0.0,4.0,0.0,0.0,-1.0,1.0,0.0,0.0,1.0,0.0,5.0,0.0,1.0,1.0,0.0,2025-04-16 11:08:51.340803,0.0,0.850000023841858,0.0,2025-04-16 04:20:06.238002,3000.0,530.001989006996,6360.0,9660.0,5460.0,1574.98998558521,3.0,,,
479.0,6.0,43.0,0.0,0.0,0.0,1.0,0.0,0.0,0.0,1.0,-1.0,0.0,0.0,0.0,0.0,0.0,5.0,0.0,0.0,0.0,0.0,2025-04-17 12:43:33.914655,0.0,0.589999973773956,0.0,2025-04-17 01:58:34.643458,900.0,-7.03334808349609,25200.0,8100.0,4500.0,900.000264048576,3.0,,,
480.0,6.0,1.0,0.0,0.0,0.0,0.0,1.0,0.0,0.0,1.0,-1.0,0.0,0.0,0.0,0.0,0.0,1.0,0.0,1.0,0.0,0.0,2025-04-05 02:09:29.383268,0.0,0.699999988079071,0.0,2025-04-05 01:36:10.883268,0.0,0.0,1980.0,0.0,0.0,0.0,3.0,,,
481.0,6.0,4.0,0.0,0.0,0.0,1.0,0.0,2.0,0.0,1.0,-1.0,0.0,0.0,0.0,1.0,0.0,5.0,0.0,1.0,0.0,0.0,2025-04-18 02:08:26.411502,0.0,0.0,0.0,2025-04-18 01:33:06.125410,2100.0,0.0,0.0,0.0,0.0,0.0,3.0,,,
482.0,6.0,44.0,0.0,0.0,0.0,1.0,0.0,14.0,0.0,0.0,-1.0,2.0,0.0,0.0,1.0,0.0,5.0,0.0,1.0,0.0,0.0,2025-04-18 12:43:15.617290,0.0,0.740000009536743,0.0,2025-04-18 02:08:35.845064,7320.0,1473.25644981861,4560.0,15540.0,10620.0,2221.0401160717,3.0,807.0,,
483.0,6.0,33.0,0.0,0.0,0.0,1.0,0.0,12.0,0.0,0.0,-1.0,2.0,0.0,0.0,1.0,0.0,5.0,0.0,1.0,0.0,0.0,2025-04-19 11:55:33.393082,0.0,0.699999988079071,0.0,2025-04-19 04:04:27.205908,6420.0,631.923588037491,2880.0,8100.0,10860.0,1570.33487546444,3.0,,,
484.0,6.0,49.0,0.0,0.0,0.0,1.0,0.0,14.0,0.0,0.0,-1.0,0.0,0.0,0.0,1.0,0.0,5.0,0.0,1.0,0.0,0.0,2025-04-20 14:50:43.992801,0.0,0.829999983310699,0.0,2025-04-20 03:10:10.705106,7080.0,342.62966799736,8280.0,12420.0,14280.0,6747.23471033573,3.0,9713.0,,
485.0,6.0,37.0,0.0,0.0,0.0,1.0,0.0,18.0,0.0,0.0,-1.0,2.0,0.0,0.0,1.0,0.0,5.0,0.0,1.0,0.0,0.0,2025-04-21 12:02:06.860770,0.0,0.689999997615814,0.0,2025-04-21 03:07:58.806324,8100.0,1422.4119540453,4320.0,11760.0,7860.0,2454.05994009972,3.0,92242.0,,
486.0,6.0,47.0,0.0,0.0,0.0,1.0,0.0,0.0,0.0,0.0,-1.0,1.0,0.0,0.0,1.0,0.0,5.0,0.0,1.0,0.0,0.0,2025-04-22 13:29:44.863603,0.0,0.800000011920929,0.0,2025-04-22 01:59:45.684502,9240.0,0.0,8760.0,11820.0,11640.0,7563.75932025909,3.0,4.0,767021384.863603,766979985.684502
487.0,6.0,32.0,0.0,0.0,0.0,1.0,0.0,10.0,0.0,0.0,-1.0,1.0,0.0,0.0,1.0,0.0,5.0,0.0,1.0,0.0,0.0,2025-04-23 10:04:58.695229,0.0,0.699999988079071,0.0,2025-04-23 02:33:16.966232,5520.0,297.341318011284,3420.0,9900.0,8280.0,2774.46205174923,3.0,443.0,,
488.0,6.0,38.0,0.0,0.0,0.0,1.0,0.0,14.0,0.0,0.0,-1.0,2.0,0.0,0.0,1.0,0.0,5.0,0.0,1.0,0.0,0.0,2025-04-24 11:26:09.558460,0.0,0.740000009536743,0.0,2025-04-24 02:15:23.665285,8100.0,668.244210958481,4680.0,8520.0,11760.0,4503.93312704563,3.0,,,
489.0,6.0,33.0,0.0,0.0,0.0,1.0,0.0,14.0,0.0,0.0,-1.0,1.0,0.0,0.0,1.0,0.0,5.0,0.0,1.0,0.0,0.0,2025-04-25 13:32:33.471990,0.0,0.699999988079071,0.0,2025-04-25 05:37:07.507737,6660.0,151.594333052635,3000.0,10140.0,8700.0,5901.93401503563,3.0,,,
490.0,6.0,37.0,0.0,0.0,0.0,1.0,0.0,10.0,0.0,0.0,-1.0,2.0,0.0,0.0,1.0,0.0,5.0,0.0,1.0,0.0,0.0,2025-04-26 13:02:10.036645,0.0,0.790000021457672,0.0,2025-04-26 04:13:36.996243,5100.0,128.690726041794,5460.0,7860.0,13320.0,1994.49519634247,3.0,6118200.0,,
492.0,6.0,1.0,0.0,0.0,0.0,0.0,1.0,4.0,0.0,0.0,-1.0,1.0,0.0,0.0,0.0,0.0,1.0,0.0,1.0,0.0,0.0,2025-04-27 12:32:41.564252,0.0,0.939999997615814,0.0,2025-04-27 03:49:26.188617,900.0,0.0,8760.0,11220.0,10560.0,0.0,3.0,4.0,,
493.0,6.0,1.0,0.0,0.0,0.0,0.0,1.0,0.0,0.0,1.0,-1.0,0.0,0.0,0.0,0.0,0.0,1.0,0.0,1.0,0.0,0.0,2025-04-27 20:23:57.510724,0.0,0.730000019073486,0.0,2025-04-27 19:39:05.885725,0.0,0.0,2340.0,360.0,0.0,0.0,3.0,,,
494.0,6.0,1.0,0.0,0.0,0.0,0.0,1.0,0.0,0.0,1.0,-1.0,0.0,0.0,0.0,0.0,0.0,1.0,0.0,1.0,0.0,0.0,2025-04-27 22:52:02.384589,0.0,0.839999973773956,0.0,2025-04-27 22:17:32.509589,0.0,0.0,1200.0,900.0,0.0,0.0,3.0,160.0,,
495.0,6.0,33.0,0.0,0.0,0.0,1.0,0.0,6.0,0.0,0.0,-1.0,1.0,0.0,0.0,1.0,0.0,5.0,0.0,1.0,0.0,0.0,2025-04-28 11:29:04.281231,0.0,0.829999983310699,0.0,2025-04-28 03:42:53.935881,3840.0,842.729650974274,5760.0,7680.0,10680.0,1172.50456881523,3.0,60.0,,
496.0,6.0,40.0,0.0,0.0,0.0,1.0,0.0,10.0,0.0,0.0,-1.0,0.0,0.0,0.0,1.0,0.0,5.0,0.0,1.0,0.0,0.0,2025-04-29 10:07:32.444590,0.0,0.779999971389771,0.0,2025-04-29 00:50:30.988685,5760.0,450.930613040924,4440.0,11520.0,11760.0,5285.28455352783,3.0,22291987.0,,
497.0,6.0,35.0,0.0,0.0,0.0,1.0,0.0,10.0,0.0,0.0,-1.0,3.0,0.0,0.0,1.0,0.0,5.0,0.0,1.0,0.0,0.0,2025-04-30 10:17:27.123486,0.0,0.680000007152557,0.0,2025-04-30 01:47:27.786822,12300.0,8275.52840518951,6600.0,10080.0,9240.0,797.781388998032,3.0,7.0,,
498.0,6.0,1.0,0.0,0.0,0.0,0.0,1.0,2.0,0.0,0.0,-1.0,0.0,0.0,0.0,1.0,0.0,1.0,0.0,1.0,0.0,0.0,2025-05-01 09:59:58.661243,0.0,0.910000026226044,0.0,2025-05-01 02:53:52.786475,0.0,0.0,5340.0,11820.0,8400.0,0.0,3.0,9.0,,
499.0,6.0,28.0,0.0,0.0,0.0,1.0,0.0,12.0,0.0,0.0,-1.0,2.0,0.0,0.0,1.0,0.0,5.0,0.0,1.0,0.0,0.0,2025-05-02 10:22:18.019554,0.0,0.579999983310699,0.0,2025-05-02 03:48:43.583693,6480.0,1103.20296311378,3060.0,7200.0,6900.0,2689.87217891216,3.0,,,
501.0,6.0,1.0,0.0,0.0,0.0,0.0,1.0,0.0,0.0,1.0,-1.0,0.0,0.0,0.0,0.0,0.0,1.0,0.0,1.0,0.0,0.0,2025-05-02 14:14:57.628002,0.0,0.790000021457672,0.0,2025-05-02 12:23:51.628001,0.0,0.0,1620.0,1500.0,3540.0,0.0,3.0,,,
502.0,6.0,47.0,0.0,0.0,0.0,1.0,0.0,12.0,0.0,0.0,-1.0,1.0,0.0,0.0,1.0,0.0,5.0,0.0,1.0,0.0,0.0,2025-05-03 13:01:03.522847,0.0,0.879999995231628,0.0,2025-05-03 01:39:54.527541,5820.0,61.8392889499664,9480.0,12960.0,12600.0,4808.34075582027,3.0,,,
503.0,6.0,36.0,0.0,0.0,0.0,1.0,0.0,8.0,0.0,0.0,-1.0,2.0,0.0,0.0,1.0,0.0,5.0,0.0,1.0,0.0,0.0,2025-05-04 14:47:46.980836,0.0,0.769999980926514,0.0,2025-05-04 06:07:10.251023,4740.0,165.579231023788,3840.0,10680.0,11940.0,1417.22708940506,3.0,,,
504.0,6.0,4.0,0.0,0.0,0.0,1.0,0.0,4.0,0.0,1.0,-1.0,0.0,0.0,0.0,1.0,0.0,5.0,0.0,1.0,0.0,0.0,2025-05-05 04:22:47.482858,0.0,0.0,0.0,2025-05-05 03:37:48.043048,2820.0,0.0,0.0,0.0,0.0,0.0,3.0,53.0,,
505.0,6.0,9.0,0.0,0.0,0.0,1.0,0.0,10.0,0.0,1.0,-1.0,1.0,0.0,0.0,1.0,0.0,5.0,0.0,1.0,0.0,0.0,2025-05-05 06:18:53.836595,0.0,0.409999996423721,0.0,2025-05-05 04:25:06.327268,5100.0,231.805562019348,0.0,1740.0,0.0,3222.75273835659,3.0,,,
506.0,6.0,17.0,0.0,0.0,0.0,1.0,0.0,8.0,0.0,0.0,-1.0,1.0,0.0,0.0,1.0,0.0,5.0,0.0,1.0,0.0,0.0,2025-05-05 10:28:08.640763,0.0,0.300000011920929,0.0,2025-05-05 06:40:05.674130,5040.0,1644.21802425385,3060.0,2100.0,3480.0,1518.9086625576,3.0,9.0,,
507.0,6.0,32.0,0.0,0.0,0.0,1.0,0.0,22.0,0.0,0.0,-1.0,3.0,0.0,0.0,1.0,0.0,5.0,0.0,1.0,0.0,0.0,2025-05-06 15:24:21.169936,0.0,0.730000019073486,0.0,2025-05-06 03:30:11.660612,5460.0,0.0,3960.0,20580.0,12840.0,977.879324316978,3.0,,,
508.0,6.0,28.0,0.0,0.0,0.0,1.0,0.0,10.0,0.0,0.0,-1.0,3.0,0.0,0.0,1.0,0.0,5.0,0.0,1.0,0.0,0.0,2025-05-07 11:22:29.137769,0.0,0.469999998807907,0.0,2025-05-07 04:37:29.743541,6780.0,2899.86391079426,1860.0,9960.0,6060.0,767.479662299156,3.0,,,
509.0,6.0,27.0,0.0,0.0,0.0,1.0,0.0,0.0,0.0,0.0,-1.0,0.0,0.0,0.0,1.0,0.0,5.0,0.0,1.0,0.0,0.0,2025-05-09 11:58:48.843998,0.0,0.860000014305115,0.0,2025-05-09 05:28:49.432226,1860.0,0.0,4800.0,8400.0,8340.0,1884.35270261765,3.0,34517.0,768484728.843998,768461329.432226
510.0,6.0,35.0,0.0,0.0,0.0,1.0,0.0,2.0,0.0,0.0,-1.0,1.0,0.0,0.0,1.0,0.0,5.0,0.0,1.0,0.0,0.0,2025-05-10 11:24:06.270135,0.0,0.889999985694885,0.0,2025-05-10 03:07:05.599522,2040.0,544.725458025932,5880.0,12300.0,9600.0,487.676501512527,3.0,,,
511.0,6.0,3.0,0.0,0.0,0.0,1.0,0.0,0.0,0.0,1.0,-1.0,0.0,0.0,0.0,1.0,0.0,5.0,0.0,1.0,0.0,0.0,2025-05-11 02:48:10.308500,0.0,0.0,0.0,2025-05-11 02:24:04.677490,0.0,0.0,0.0,0.0,0.0,0.0,3.0,6.0,,
512.0,6.0,21.0,0.0,0.0,0.0,1.0,0.0,2.0,0.0,0.0,-1.0,2.0,0.0,0.0,1.0,0.0,5.0,0.0,1.0,0.0,0.0,2025-05-12 11:16:47.335646,0.0,0.829999983310699,0.0,2025-05-12 04:55:01.064917,840.0,0.0,6660.0,6540.0,7920.0,570.019870400429,3.0,9.0,,
513.0,6.0,48.0,0.0,0.0,0.0,1.0,0.0,0.0,0.0,0.0,-1.0,1.0,0.0,0.0,1.0,0.0,5.0,0.0,1.0,0.0,0.0,2025-05-13 13:16:45.472128,0.0,0.810000002384186,0.0,2025-05-13 01:31:46.281416,5460.0,0.0,6000.0,16320.0,14580.0,1808.68104195595,3.0,0.0,768835005.472128,768792706.281416
514.0,6.0,36.0,0.0,0.0,0.0,1.0,0.0,6.0,0.0,0.0,-1.0,2.0,0.0,0.0,1.0,0.0,5.0,0.0,1.0,0.0,0.0,2025-05-14 11:23:10.579697,0.0,0.860000014305115,0.0,2025-05-14 02:46:08.456016,3960.0,488.95545399189,8760.0,10560.0,7740.0,872.700792193413,3.0,7416.0,,
516.0,6.0,23.0,0.0,0.0,0.0,1.0,0.0,6.0,0.0,0.0,-1.0,2.0,0.0,0.0,0.0,0.0,5.0,0.0,1.0,0.0,0.0,2025-05-15 10:12:50.001803,0.0,0.800000011920929,0.0,2025-05-15 02:05:28.114503,3060.0,602.385805487633,4380.0,13080.0,8700.0,0.0,3.0,96.0,768996770.001803,768967528.114503
518.0,6.0,1.0,0.0,0.0,0.0,0.0,1.0,0.0,0.0,1.0,-1.0,0.0,0.0,0.0,0.0,0.0,1.0,0.0,1.0,0.0,0.0,2025-05-15 18:55:29.589807,0.0,0.810000002384186,0.0,2025-05-15 18:20:21.589807,0.0,0.0,600.0,1500.0,0.0,0.0,3.0,46668623.0,,
519.0,6.0,29.0,0.0,0.0,0.0,1.0,0.0,178.0,0.0,0.0,-1.0,9.0,0.0,0.0,1.0,0.0,5.0,0.0,1.0,0.0,0.0,2025-05-16 10:50:46.323317,0.0,0.589999973773956,0.0,2025-05-16 03:50:46.899658,120600.0,10453.5228296518,12900.0,15060.0,19980.0,746.752100229263,3.0,9.0,,
522.0,6.0,34.0,0.0,0.0,0.0,1.0,0.0,8.0,0.0,0.0,-1.0,2.0,0.0,0.0,1.0,0.0,5.0,0.0,1.0,0.0,0.0,2025-05-18 10:53:57.770852,0.0,0.75,0.0,2025-05-18 02:39:45.523816,4620.0,536.449599981308,3720.0,8880.0,12420.0,1456.14282023907,3.0,3.0,,
523.0,6.0,38.0,0.0,0.0,0.0,1.0,0.0,4.0,0.0,0.0,-1.0,0.0,0.0,0.0,1.0,0.0,5.0,0.0,1.0,0.0,0.0,2025-05-19 12:04:39.117602,0.0,0.899999976158142,0.0,2025-05-19 02:59:13.485929,2220.0,277.790776968002,6120.0,11160.0,13260.0,1933.40300476551,3.0,2.0,,
524.0,6.0,44.0,0.0,0.0,0.0,1.0,0.0,10.0,0.0,0.0,-1.0,1.0,0.0,0.0,1.0,0.0,5.0,0.0,1.0,0.0,0.0,2025-05-20 13:50:53.410262,0.0,0.829999983310699,0.0,2025-05-20 03:11:35.800130,4980.0,351.876024961472,10260.0,9420.0,13740.0,1113.19117379189,3.0,,,
525.0,6.0,43.0,0.0,0.0,0.0,1.0,0.0,24.0,0.0,0.0,-1.0,3.0,0.0,0.0,1.0,0.0,5.0,0.0,1.0,0.0,0.0,2025-05-21 12:26:11.542570,0.0,0.569999992847443,0.0,2025-05-21 02:02:02.681653,11640.0,669.907251954079,1980.0,14400.0,9420.0,3694.68922364712,3.0,,,
526.0,6.0,39.0,0.0,0.0,0.0,1.0,0.0,12.0,0.0,0.0,-1.0,3.0,0.0,0.0,1.0,0.0,5.0,0.0,1.0,0.0,0.0,2025-05-22 13:42:13.351349,0.0,0.800000011920929,0.0,2025-05-22 04:12:14.141498,5940.0,351.115386009216,7200.0,11880.0,9660.0,1192.49448847771,3.0,,,
527.0,6.0,41.0,0.0,0.0,0.0,1.0,0.0,0.0,0.0,0.0,-1.0,4.0,0.0,0.0,1.0,0.0,5.0,0.0,1.0,0.0,0.0,2025-05-23 12:24:17.954050,0.0,0.579999983310699,0.0,2025-05-23 02:36:19.464427,12240.0,0.0,3660.0,12300.0,7080.0,2362.57359039783,3.0,,769695857.95405,769660579.464427
528.0,6.0,1.0,0.0,0.0,0.0,0.0,1.0,0.0,0.0,1.0,-1.0,0.0,0.0,0.0,0.0,0.0,1.0,0.0,1.0,0.0,0.0,2025-05-23 01:44:30.163017,0.0,0.829999983310699,0.0,2025-05-23 01:04:32.163017,0.0,0.0,840.0,1560.0,0.0,0.0,3.0,50.0,,
529.0,6.0,22.0,0.0,0.0,0.0,1.0,0.0,8.0,0.0,0.0,-1.0,1.0,0.0,0.0,1.0,0.0,5.0,0.0,1.0,0.0,0.0,2025-05-24 10:01:18.873653,0.0,0.400000005960464,0.0,2025-05-24 04:58:40.103984,4320.0,77.5041869878769,1740.0,7140.0,4920.0,3042.65664255619,3.0,,,
531.0,6.0,1.0,0.0,0.0,0.0,0.0,1.0,2.0,0.0,1.0,-1.0,0.0,0.0,0.0,1.0,0.0,1.0,0.0,1.0,0.0,0.0,2025-05-24 22:53:56.016017,0.0,0.769999980926514,0.0,2025-05-24 22:08:34.016017,0.0,0.0,2100.0,660.0,0.0,0.0,3.0,377.0,,
532.0,6.0,42.0,0.0,0.0,0.0,1.0,0.0,10.0,0.0,0.0,-1.0,1.0,0.0,0.0,1.0,0.0,5.0,0.0,1.0,0.0,0.0,2025-05-25 13:03:07.581911,0.0,0.860000014305115,0.0,2025-05-25 02:56:35.021096,4980.0,183.568665981293,7620.0,11040.0,12720.0,3942.81112825871,3.0,50.0,,
533.0,6.0,42.0,0.0,0.0,0.0,1.0,0.0,62.0,0.0,0.0,-1.0,3.0,0.0,0.0,1.0,0.0,5.0,0.0,1.0,1.0,0.0,2025-05-26 12:20:26.942153,0.0,0.170000001788139,0.0,2025-05-26 02:26:35.948275,29100.0,325.528079032898,0.0,3840.0,2700.0,13257.4324977398,3.0,3.0,,
534.0,6.0,35.0,0.0,0.0,0.0,1.0,0.0,14.0,0.0,0.0,-1.0,2.0,0.0,0.0,1.0,0.0,5.0,0.0,1.0,0.0,0.0,2025-05-27 11:43:15.933566,0.0,0.740000009536743,0.0,2025-05-27 03:25:48.760257,7200.0,794.536952972412,4020.0,9660.0,9000.0,4762.27019095421,3.0,14.0,,
535.0,6.0,31.0,0.0,0.0,0.0,1.0,0.0,10.0,0.0,0.0,-1.0,0.0,0.0,0.0,1.0,0.0,5.0,0.0,1.0,0.0,0.0,2025-05-28 10:31:23.393057,0.0,0.779999971389771,0.0,2025-05-28 03:02:31.742386,5280.0,1834.07568013668,4380.0,6300.0,10920.0,3467.8585549593,3.0,,,
536.0,6.0,33.0,0.0,0.0,0.0,1.0,0.0,52.0,0.0,0.0,-1.0,2.0,0.0,0.0,1.0,0.0,5.0,0.0,1.0,0.0,0.0,2025-05-29 10:31:35.638300,0.0,0.600000023841858,0.0,2025-05-29 02:31:36.245674,62940.0,56419.3911880255,7380.0,5760.0,9120.0,3561.04267430305,3.0,,,
537.0,6.0,41.0,0.0,0.0,0.0,1.0,0.0,22.0,0.0,0.0,-1.0,2.0,0.0,0.0,1.0,0.0,5.0,0.0,1.0,0.0,0.0,2025-05-30 11:56:22.124590,0.0,0.670000016689301,0.0,2025-05-30 02:11:09.834005,11100.0,2259.14657044411,4500.0,9060.0,10440.0,4279.38622951508,3.0,34.0,,
538.0,6.0,41.0,0.0,0.0,0.0,1.0,0.0,10.0,0.0,0.0,-1.0,2.0,0.0,0.0,1.0,0.0,5.0,0.0,1.0,0.0,0.0,2025-05-31 14:35:39.360550,0.0,0.740000009536743,0.0,2025-05-31 04:48:28.051575,5880.0,337.801630020142,4320.0,14100.0,10920.0,2898.57562398911,3.0,,,
539.0,6.0,43.0,0.0,0.0,0.0,1.0,0.0,20.0,0.0,0.0,-1.0,4.0,0.0,0.0,1.0,0.0,5.0,0.0,1.0,0.0,0.0,2025-06-01 14:38:26.223787,0.0,0.600000023841858,0.0,2025-06-01 04:10:42.037060,9960.0,504.829205989838,3720.0,13200.0,10800.0,260.550245165825,3.0,8.0,,
540.0,6.0,39.0,0.0,0.0,0.0,1.0,0.0,8.0,0.0,0.0,-1.0,3.0,0.0,0.0,1.0,0.0,5.0,0.0,1.0,0.0,0.0,2025-06-02 14:21:58.518325,0.0,0.829999983310699,0.0,2025-06-02 05:05:31.764468,4560.0,417.172175049782,7080.0,12240.0,9480.0,1654.74704754353,3.0,626.0,,
542.0,6.0,1.0,0.0,0.0,0.0,0.0,1.0,6.0,0.0,0.0,-1.0,1.0,0.0,0.0,1.0,0.0,1.0,0.0,1.0,0.0,0.0,2025-06-03 10:39:34.971002,0.0,0.850000023841858,0.0,2025-06-03 03:39:34.835161,2580.0,0.0,4740.0,8400.0,9540.0,0.0,3.0,,,
543.0,6.0,39.0,0.0,0.0,0.0,1.0,0.0,12.0,0.0,0.0,-1.0,2.0,0.0,0.0,1.0,0.0,5.0,0.0,1.0,1.0,0.0,2025-06-04 11:04:36.957725,0.0,0.740000009536743,0.0,2025-06-04 01:59:43.501338,5580.0,275.617347002029,3900.0,13680.0,9480.0,982.568720459938,3.0,54.0,,
544.0,6.0,1.0,0.0,0.0,0.0,0.0,1.0,2.0,0.0,1.0,-1.0,0.0,0.0,0.0,0.0,0.0,1.0,0.0,1.0,0.0,0.0,2025-06-04 23:01:02.636022,0.0,0.790000021457672,0.0,2025-06-04 22:06:52.511022,0.0,0.0,2100.0,540.0,600.0,0.0,3.0,4.0,,
545.0,6.0,9.0,0.0,0.0,0.0,1.0,0.0,10.0,0.0,1.0,-1.0,0.0,0.0,0.0,1.0,0.0,5.0,0.0,1.0,0.0,0.0,2025-06-05 05:12:45.111263,0.0,0.409999996423721,0.0,2025-06-05 03:27:31.968306,5280.0,4181.45636928082,0.0,1020.0,0.0,1097.87129974365,3.0,,,
546.0,6.0,26.0,0.0,0.0,0.0,1.0,0.0,10.0,0.0,0.0,-1.0,0.0,0.0,0.0,1.0,0.0,5.0,0.0,1.0,0.0,0.0,2025-06-05 11:32:09.371518,0.0,0.600000023841858,0.0,2025-06-05 05:17:09.927946,5580.0,1152.15426540375,1980.0,10140.0,5940.0,4432.97732579708,3.0,,,
547.0,6.0,3.0,0.0,0.0,0.0,1.0,0.0,0.0,0.0,0.0,-1.0,0.0,0.0,0.0,1.0,0.0,5.0,0.0,0.0,0.0,0.0,2025-06-06 03:10:25.289625,0.0,0.0,0.0,2025-06-06 02:25:25.607429,0.0,0.0,0.0,0.0,0.0,0.0,3.0,95669.0,,
548.0,6.0,31.0,0.0,0.0,0.0,1.0,0.0,6.0,0.0,0.0,-1.0,1.0,0.0,0.0,1.0,0.0,5.0,0.0,1.0,3.0,0.0,2025-06-06 10:25:06.624633,0.0,0.689999997615814,0.0,2025-06-06 03:25:02.769498,3900.0,605.306903958321,2520.0,10440.0,8400.0,411.721542358398,3.0,,,
549.0,6.0,3.0,0.0,0.0,0.0,1.0,0.0,0.0,0.0,1.0,-1.0,0.0,0.0,0.0,1.0,0.0,5.0,0.0,1.0,0.0,0.0,2025-06-07 04:12:37.218358,0.0,0.0,0.0,2025-06-07 03:46:18.877664,1560.0,0.0,0.0,0.0,0.0,0.0,3.0,85262166.0,,
550.0,6.0,35.0,0.0,0.0,0.0,1.0,0.0,2.0,0.0,0.0,-1.0,0.0,0.0,0.0,1.0,0.0,5.0,0.0,1.0,3.0,0.0,2025-06-07 13:12:12.825011,0.0,0.889999985694885,0.0,2025-06-07 05:00:41.302184,2580.0,731.282330036163,8520.0,9120.0,9240.0,1831.80659496784,3.0,32.0,,
551.0,6.0,35.0,0.0,0.0,0.0,1.0,0.0,126.0,0.0,0.0,-1.0,1.0,0.0,0.0,1.0,0.0,5.0,0.0,1.0,0.0,0.0,2025-06-08 10:55:49.517228,0.0,0.310000002384186,0.0,2025-06-08 02:25:50.138789,84480.0,2919.47243189812,1680.0,5460.0,3660.0,3102.14654421806,3.0,1.0,,
552.0,6.0,1.0,0.0,0.0,0.0,0.0,1.0,2.0,0.0,1.0,-1.0,0.0,0.0,0.0,0.0,0.0,1.0,0.0,1.0,0.0,0.0,2025-06-08 00:44:02.182001,0.0,0.800000011920929,0.0,2025-06-08 00:07:33.057001,0.0,0.0,1560.0,600.0,0.0,0.0,3.0,9.0,,
554.0,6.0,23.0,0.0,0.0,0.0,1.0,0.0,8.0,0.0,0.0,-1.0,2.0,0.0,0.0,1.0,0.0,5.0,0.0,1.0,0.0,0.0,2025-06-09 12:37:28.703444,0.0,0.75,0.0,2025-06-09 04:53:52.594093,2820.0,0.0,1860.0,16080.0,7080.0,1367.11938989162,3.0,,,
555.0,6.0,1.0,0.0,0.0,0.0,0.0,1.0,2.0,0.0,1.0,-1.0,0.0,0.0,0.0,1.0,0.0,1.0,0.0,1.0,0.0,0.0,2025-06-09 04:05:06.338483,0.0,0.730000019073486,0.0,2025-06-09 03:34:13.326350,0.0,0.0,0.0,1860.0,0.0,0.0,3.0,,,
556.0,6.0,43.0,0.0,0.0,0.0,1.0,0.0,28.0,0.0,0.0,-1.0,3.0,0.0,0.0,1.0,0.0,5.0,0.0,1.0,0.0,0.0,2025-06-10 13:05:35.136713,0.0,0.529999971389771,0.0,2025-06-10 02:36:33.914842,14340.0,333.766360044479,2520.0,12000.0,8880.0,1733.42802262306,3.0,219.0,,
557.0,6.0,37.0,0.0,0.0,0.0,1.0,0.0,4.0,0.0,0.0,-1.0,1.0,0.0,0.0,1.0,0.0,5.0,0.0,1.0,0.0,0.0,2025-06-11 11:27:29.291118,0.0,0.879999995231628,0.0,2025-06-11 02:30:38.870029,3540.0,747.900650024414,7020.0,10020.0,11580.0,1264.72835183144,3.0,,,
558.0,6.0,34.0,0.0,0.0,0.0,1.0,0.0,6.0,0.0,0.0,-1.0,0.0,0.0,0.0,1.0,0.0,5.0,0.0,1.0,0.0,0.0,2025-06-12 15:55:25.298300,0.0,0.829999983310699,0.0,2025-06-12 07:40:25.949692,3720.0,717.5783649683,5340.0,8100.0,12600.0,3021.11940872669,3.0,9.0,,
561.0,6.0,1.0,0.0,0.0,0.0,0.0,1.0,4.0,0.0,0.0,-1.0,1.0,0.0,0.0,0.0,0.0,1.0,0.0,1.0,0.0,0.0,2025-06-13 15:24:31.225858,0.0,0.899999976158142,0.0,2025-06-13 07:39:18.352223,1560.0,0.0,5580.0,10440.0,10320.0,0.0,3.0,,,
562.0,6.0,38.0,0.0,0.0,0.0,1.0,0.0,12.0,0.0,0.0,-1.0,1.0,0.0,0.0,1.0,0.0,5.0,0.0,1.0,0.0,0.0,2025-06-14 12:10:21.971773,0.0,0.800000011920929,0.0,2025-06-14 03:01:38.470075,6840.0,620.562258005142,6600.0,10560.0,8880.0,5350.66257226467,3.0,,,
563.0,6.0,37.0,0.0,0.0,0.0,1.0,0.0,6.0,0.0,0.0,-1.0,1.0,0.0,0.0,1.0,0.0,5.0,0.0,1.0,0.0,0.0,2025-06-15 13:30:23.985619,0.0,0.899999976158142,0.0,2025-06-15 04:44:38.522320,2640.0,22.3918620347977,7200.0,9900.0,11820.0,1848.82737934589,3.0,569866.0,,
564.0,6.0,27.0,0.0,0.0,0.0,1.0,0.0,6.0,0.0,0.0,-1.0,2.0,0.0,0.0,1.0,0.0,5.0,0.0,1.0,0.0,0.0,2025-06-16 14:30:46.209575,0.0,0.680000007152557,0.0,2025-06-16 08:05:18.161453,3420.0,45.859591960907,2640.0,9360.0,7680.0,1580.10763430595,3.0,247515.0,,
565.0,6.0,36.0,0.0,0.0,0.0,1.0,0.0,2.0,0.0,0.0,-1.0,1.0,0.0,0.0,1.0,0.0,5.0,0.0,1.0,0.0,0.0,2025-06-17 14:09:12.548293,0.0,0.899999976158142,0.0,2025-06-17 05:36:55.008933,2160.0,551.173362970352,7200.0,11220.0,10200.0,662.480533003807,3.0,,,
566.0,6.0,33.0,0.0,0.0,0.0,1.0,0.0,14.0,0.0,0.0,-1.0,3.0,0.0,0.0,1.0,0.0,5.0,0.0,1.0,0.0,0.0,2025-06-18 12:28:45.822243,0.0,0.569999992847443,0.0,2025-06-18 04:31:40.427816,7860.0,824.351219058037,1740.0,12240.0,6780.0,4559.31373691559,3.0,2.0,,
570.0,6.0,37.0,0.0,0.0,0.0,1.0,0.0,16.0,0.0,0.0,-1.0,2.0,0.0,0.0,0.0,0.0,5.0,0.0,1.0,0.0,0.0,2025-06-19 13:10:39.303732,0.0,0.860000014305115,0.0,2025-06-19 02:02:54.634410,5400.0,638.303732037544,7380.0,14400.0,12840.0,0.0,3.0,,,
572.0,6.0,1.0,0.0,0.0,0.0,0.0,1.0,10.0,0.0,0.0,-1.0,2.0,0.0,0.0,1.0,0.0,1.0,0.0,1.0,0.0,0.0,2025-06-19 13:03:22.130644,0.0,0.860000014305115,0.0,2025-06-19 02:02:54.634410,4800.0,0.0,7380.0,14580.0,12840.0,0.0,3.0,9.0,,
573.0,6.0,31.0,0.0,0.0,0.0,1.0,0.0,34.0,0.0,0.0,-1.0,1.0,0.0,0.0,1.0,0.0,5.0,0.0,1.0,0.0,0.0,2025-06-20 10:26:45.467067,0.0,0.360000014305115,0.0,2025-06-20 03:02:16.547295,17220.0,705.60623395443,1800.0,4980.0,2760.0,9097.85023009777,3.0,,,
574.0,6.0,43.0,0.0,0.0,0.0,1.0,0.0,12.0,0.0,0.0,-1.0,4.0,0.0,0.0,1.0,0.0,5.0,0.0,1.0,0.0,0.0,2025-06-21 12:32:42.753947,0.0,0.689999997615814,0.0,2025-06-21 02:06:15.600531,6240.0,161.153522968292,4440.0,14220.0,12720.0,872.826733827591,3.0,15.0,,
575.0,6.0,1.0,0.0,0.0,0.0,0.0,1.0,0.0,0.0,1.0,-1.0,0.0,0.0,0.0,0.0,0.0,1.0,0.0,1.0,0.0,0.0,2025-06-21 01:44:09.100498,0.0,0.810000002384186,0.0,2025-06-21 01:04:51.993050,0.0,0.0,900.0,1440.0,0.0,0.0,3.0,,,
576.0,6.0,35.0,0.0,0.0,0.0,1.0,0.0,10.0,0.0,0.0,-1.0,0.0,0.0,0.0,1.0,0.0,5.0,0.0,1.0,0.0,0.0,2025-06-22 11:57:11.895409,0.0,0.740000009536743,0.0,2025-06-22 03:36:38.554105,5880.0,729.271841049194,2880.0,10140.0,11100.0,5167.17371106148,3.0,,,
577.0,6.0,1.0,0.0,0.0,0.0,0.0,1.0,2.0,0.0,1.0,-1.0,1.0,0.0,0.0,0.0,0.0,1.0,0.0,1.0,0.0,0.0,2025-06-22 23:59:45.245494,0.0,0.730000019073486,0.0,2025-06-22 22:03:32.370494,1080.0,0.0,0.0,4980.0,960.0,0.0,3.0,,,
578.0,6.0,41.0,0.0,0.0,0.0,1.0,0.0,24.0,0.0,0.0,-1.0,6.0,0.0,0.0,1.0,0.0,5.0,0.0,1.0,0.0,0.0,2025-06-23 13:28:15.868701,0.0,0.569999992847443,0.0,2025-06-23 03:35:38.535484,11760.0,794.400318980217,2700.0,14520.0,6600.0,793.761229872704,3.0,,,
579.0,6.0,1.0,0.0,0.0,0.0,0.0,1.0,2.0,0.0,1.0,-1.0,0.0,0.0,0.0,0.0,0.0,1.0,0.0,1.0,0.0,0.0,2025-06-23 01:02:54.231583,0.0,0.829999983310699,0.0,2025-06-23 00:02:57.245494,0.0,0.0,2640.0,960.0,0.0,0.0,3.0,1.0,,
580.0,6.0,39.0,0.0,0.0,0.0,1.0,0.0,6.0,0.0,0.0,-1.0,2.0,0.0,0.0,1.0,0.0,5.0,0.0,1.0,0.0,0.0,2025-06-24 12:34:56.934777,0.0,0.800000011920929,0.0,2025-06-24 03:12:21.443809,2880.0,295.505398988724,3060.0,15480.0,12360.0,1251.14928889275,3.0,,,
581.0,6.0,1.0,0.0,0.0,0.0,0.0,1.0,2.0,0.0,1.0,-1.0,0.0,0.0,0.0,0.0,0.0,1.0,0.0,1.0,0.0,0.0,2025-06-24 01:34:38.834541,0.0,0.730000019073486,0.0,2025-06-24 01:03:19.836220,0.0,0.0,0.0,1860.0,0.0,0.0,3.0,404.0,,
582.0,6.0,24.0,0.0,0.0,0.0,1.0,0.0,22.0,0.0,0.0,-1.0,3.0,0.0,0.0,1.0,0.0,5.0,0.0,1.0,0.0,0.0,2025-06-25 10:17:57.539897,0.0,0.589999973773956,0.0,2025-06-25 01:37:59.499544,7260.0,0.0,2580.0,17760.0,3600.0,468.78258061409,3.0,9.0,,
583.0,6.0,41.0,0.0,0.0,0.0,1.0,0.0,24.0,0.0,0.0,-1.0,1.0,0.0,0.0,1.0,0.0,5.0,0.0,1.0,0.0,0.0,2025-06-26 11:42:13.531992,0.0,0.689999997615814,0.0,2025-06-26 01:48:30.305361,12240.0,5998.12887263298,4740.0,10080.0,8580.0,961.307655572891,3.0,672.0,,
584.0,6.0,38.0,0.0,0.0,0.0,1.0,0.0,12.0,0.0,0.0,-1.0,1.0,0.0,0.0,1.0,0.0,5.0,0.0,1.0,0.0,0.0,2025-06-27 12:02:50.726811,0.0,0.829999983310699,0.0,2025-06-27 02:48:26.450684,6240.0,169.274791002274,8040.0,10200.0,8760.0,5333.78403139114,3.0,,,
585.0,6.0,39.0,0.0,0.0,0.0,1.0,0.0,6.0,0.0,0.0,-1.0,0.0,0.0,0.0,1.0,0.0,5.0,0.0,1.0,0.0,0.0,2025-06-28 11:58:43.232940,0.0,0.850000023841858,0.0,2025-06-28 02:30:34.947409,4680.0,821.75301194191,8760.0,9420.0,11280.0,3838.48538661003,3.0,,,
586.0,6.0,1.0,0.0,0.0,0.0,0.0,1.0,0.0,0.0,1.0,-1.0,0.0,0.0,0.0,0.0,0.0,1.0,0.0,1.0,0.0,0.0,2025-06-28 23:41:12.181253,0.0,0.800000011920929,0.0,2025-06-28 23:03:02.181253,0.0,0.0,480.0,1800.0,0.0,0.0,3.0,7.0,,
587.0,6.0,30.0,0.0,0.0,0.0,1.0,0.0,12.0,0.0,0.0,-1.0,1.0,0.0,0.0,1.0,0.0,5.0,0.0,1.0,0.0,0.0,2025-06-29 12:30:53.419505,0.0,0.649999976158142,0.0,2025-06-29 05:21:04.585684,6240.0,51.9986900091171,3540.0,9660.0,6360.0,2592.61997497082,3.0,,,
588.0,6.0,32.0,0.0,0.0,0.0,1.0,0.0,24.0,0.0,0.0,-1.0,2.0,0.0,0.0,1.0,0.0,5.0,0.0,1.0,0.0,0.0,2025-06-30 12:55:28.748076,0.0,0.310000002384186,0.0,2025-06-30 05:12:08.368955,11940.0,627.027256011963,900.0,8580.0,6360.0,7435.16170251369,3.0,9391.0,,
589.0,6.0,39.0,0.0,0.0,0.0,1.0,0.0,2.0,0.0,0.0,-1.0,1.0,0.0,0.0,1.0,0.0,5.0,0.0,1.0,0.0,0.0,2025-07-01 12:32:24.251387,0.0,0.930000007152557,0.0,2025-07-01 03:04:24.789671,1680.0,142.849665999413,8580.0,13620.0,10140.0,700.166401982307,3.0,8.0,,
590.0,6.0,26.0,0.0,0.0,0.0,1.0,0.0,0.0,0.0,0.0,-1.0,0.0,0.0,0.0,1.0,0.0,5.0,0.0,1.0,0.0,0.0,2025-07-02 11:44:54.200036,0.0,0.360000014305115,0.0,2025-07-02 05:44:54.727471,8100.0,1693.21593332291,2760.0,6360.0,4380.0,6399.00663173199,3.0,,773149494.200036,773127894.727471
592.0,6.0,1.0,0.0,0.0,0.0,0.0,1.0,6.0,0.0,0.0,-1.0,3.0,0.0,0.0,0.0,0.0,1.0,0.0,1.0,0.0,0.0,2025-07-03 11:11:15.889638,0.0,0.670000016689301,0.0,2025-07-03 05:37:48.015456,2460.0,0.0,3900.0,7500.0,6120.0,0.0,3.0,45.0,,
593.0,6.0,41.0,0.0,0.0,0.0,1.0,0.0,18.0,0.0,0.0,-1.0,2.0,0.0,0.0,1.0,0.0,5.0,0.0,1.0,0.0,0.0,2025-07-06 11:49:02.095407,0.0,0.740000009536743,0.0,2025-07-06 01:52:21.218693,9360.0,240.535648941994,6000.0,8820.0,11640.0,3443.96883261204,3.0,,,
